original,sgp,nmFrag,npFrag,ngFrag,mz,type,charge
ILLTC<i>SLN{n{n{h{h{n}}{h{h}{h}}}}}DSATEVTGHR,ILLTC<i>SLN{n{n{h{h{n}}{h{h}{h}}}}}DSATEVTGHR,0,0,0,3406.49408990,none,1
ILLTC<i>SLN{n{n{h{h{n}}{h{h}{h}}}}}DSATEVTGHR,ILLTC<i>SLNDSATEVTGHR,0,0,1,1986.99185703,-y-{n{n{h{h{n}}{h{h}{h}}}}},1
ILLTC<i>SLN{n{n{h{h{n}}{h{h}{h}}}}}DSATEVTGHR,ILLTC<i>SLN{n}DSATEVTGHR,0,0,1,2190.07122803,-y-{n{h{h{n}}{h{h}{h}}}},1
ILLTC<i>SLN{n{n{h{h{n}}{h{h}{h}}}}}DSATEVTGHR,ILLTC<i>SLN{n{n}}DSATEVTGHR,0,0,1,2393.15060043,-y-{h{h{n}}{h{h}{h}}},1
ILLTC<i>SLN{n{n{h{h{n}}{h{h}{h}}}}}DSATEVTGHR,ILLTC<i>SLN{n{n{h{h{h}{h}}}}}DSATEVTGHR,0,0,1,3041.36189443,-y-{h{n}},1
ILLTC<i>SLN{n{n{h{h{n}}{h{h}{h}}}}}DSATEVTGHR,ILLTC<i>SLN{n{n{h{h}{h{h}{h}}}}}DSATEVTGHR,0,0,1,3203.41471793,-y-{n},1
ILLTC<i>SLN{n{n{h{h{n}}{h{h}{h}}}}}DSATEVTGHR,ILLTC<i>SLN{n{n{h{h{n}}}}}DSATEVTGHR,0,0,1,2920.33561983,-y-{h{h}{h}},1
ILLTC<i>SLN{n{n{h{h{n}}{h{h}{h}}}}}DSATEVTGHR,ILLTC<i>SLN{n{n{h{h{n}}{h{h}}}}}DSATEVTGHR,0,0,1,3244.44126683,-y-{h},1
ILLTC<i>SLN{n{n{h{h{n}}{h{h}{h}}}}}DSATEVTGHR,{n{n{h{h{n}}{h{h}{h}}}}},0,0,1,1420.51005833,-b{n{n{h{h{n}}{h{h}{h}}}}},1
ILLTC<i>SLN{n{n{h{h{n}}{h{h}{h}}}}}DSATEVTGHR,{n{h{h{n}}{h{h}{h}}}},0,0,1,1217.43068593,-b{n{h{h{n}}{h{h}{h}}}},1
ILLTC<i>SLN{n{n{h{h{n}}{h{h}{h}}}}}DSATEVTGHR,{h{h{n}}{h{h}{h}}},0,0,1,1014.35131353,-b{h{h{n}}{h{h}{h}}},1
ILLTC<i>SLN{n{n{h{h{n}}{h{h}{h}}}}}DSATEVTGHR,{h{n}},0,0,1,366.14001953,-b{h{n}},1
ILLTC<i>SLN{n{n{h{h{n}}{h{h}{h}}}}}DSATEVTGHR,{n},0,0,1,204.08719603,-b{n},1
ILLTC<i>SLN{n{n{h{h{n}}{h{h}{h}}}}}DSATEVTGHR,{h{h}{h}},0,0,1,487.16629413,-b{h{h}{h}},1
ILLTC<i>SLN{n{n{h{h{n}}{h{h}{h}}}}}DSATEVTGHR,{h},0,0,1,163.06064713,-b{h},1
ILLTC<i>SLN{n{n{h{h{n}}{h{h}{h}}}}}DSATEVTGHR,I,0,1,0,114.09188903,b1,1
ILLTC<i>SLN{n{n{h{h{n}}{h{h}{h}}}}}DSATEVTGHR,IL,0,1,0,227.17595303,b2,1
ILLTC<i>SLN{n{n{h{h{n}}{h{h}{h}}}}}DSATEVTGHR,ILL,0,1,0,340.26001703,b3,1
ILLTC<i>SLN{n{n{h{h{n}}{h{h}{h}}}}}DSATEVTGHR,ILLT,0,1,0,441.30769503,b4,1
ILLTC<i>SLN{n{n{h{h{n}}{h{h}{h}}}}}DSATEVTGHR,ILLTC<i>,0,1,0,601.33834074,b5,1
ILLTC<i>SLN{n{n{h{h{n}}{h{h}{h}}}}}DSATEVTGHR,ILLTC<i>S,0,1,0,688.37036894,b6,1
ILLTC<i>SLN{n{n{h{h{n}}{h{h}{h}}}}}DSATEVTGHR,ILLTC<i>SL,0,1,0,801.45443294,b7,1
ILLTC<i>SLN{n{n{h{h{n}}{h{h}{h}}}}}DSATEVTGHR,ILLTC<i>SLN{n{n{h{h{n}}{h{h}{h}}}}},0,1,0,2334.99959323,b8,1
ILLTC<i>SLN{n{n{h{h{n}}{h{h}{h}}}}}DSATEVTGHR,ILLTC<i>SLN{n{n{h{h{n}}{h{h}{h}}}}}D,0,1,0,2450.02653613,b9,1
ILLTC<i>SLN{n{n{h{h{n}}{h{h}{h}}}}}DSATEVTGHR,ILLTC<i>SLN{n{n{h{h{n}}{h{h}{h}}}}}DS,0,1,0,2537.05856433,b10,1
ILLTC<i>SLN{n{n{h{h{n}}{h{h}{h}}}}}DSATEVTGHR,ILLTC<i>SLN{n{n{h{h{n}}{h{h}{h}}}}}DSA,0,1,0,2608.09567793,b11,1
ILLTC<i>SLN{n{n{h{h{n}}{h{h}{h}}}}}DSATEVTGHR,ILLTC<i>SLN{n{n{h{h{n}}{h{h}{h}}}}}DSAT,0,1,0,2709.14335593,b12,1
ILLTC<i>SLN{n{n{h{h{n}}{h{h}{h}}}}}DSATEVTGHR,ILLTC<i>SLN{n{n{h{h{n}}{h{h}{h}}}}}DSATE,0,1,0,2838.18594883,b13,1
ILLTC<i>SLN{n{n{h{h{n}}{h{h}{h}}}}}DSATEVTGHR,ILLTC<i>SLN{n{n{h{h{n}}{h{h}{h}}}}}DSATEV,0,1,0,2937.25436253,b14,1
ILLTC<i>SLN{n{n{h{h{n}}{h{h}{h}}}}}DSATEVTGHR,ILLTC<i>SLN{n{n{h{h{n}}{h{h}{h}}}}}DSATEVT,0,1,0,3038.30204053,b15,1
ILLTC<i>SLN{n{n{h{h{n}}{h{h}{h}}}}}DSATEVTGHR,ILLTC<i>SLN{n{n{h{h{n}}{h{h}{h}}}}}DSATEVTG,0,1,0,3095.32350403,b16,1
ILLTC<i>SLN{n{n{h{h{n}}{h{h}{h}}}}}DSATEVTGHR,ILLTC<i>SLN{n{n{h{h{n}}{h{h}{h}}}}}DSATEVTGH,0,1,0,3232.38241533,b17,1
ILLTC<i>SLN{n{n{h{h{n}}{h{h}{h}}}}}DSATEVTGHR,ILLTC<i>SLN,0,1,1,915.49735994,b8,1
ILLTC<i>SLN{n{n{h{h{n}}{h{h}{h}}}}}DSATEVTGHR,ILLTC<i>SLND,0,1,1,1030.52430284,b9,1
ILLTC<i>SLN{n{n{h{h{n}}{h{h}{h}}}}}DSATEVTGHR,ILLTC<i>SLNDS,0,1,1,1117.55633103,b10,1
ILLTC<i>SLN{n{n{h{h{n}}{h{h}{h}}}}}DSATEVTGHR,ILLTC<i>SLNDSA,0,1,1,1188.59344463,b11,1
ILLTC<i>SLN{n{n{h{h{n}}{h{h}{h}}}}}DSATEVTGHR,ILLTC<i>SLNDSAT,0,1,1,1289.64112263,b12,1
ILLTC<i>SLN{n{n{h{h{n}}{h{h}{h}}}}}DSATEVTGHR,ILLTC<i>SLNDSATE,0,1,1,1418.68371553,b13,1
ILLTC<i>SLN{n{n{h{h{n}}{h{h}{h}}}}}DSATEVTGHR,ILLTC<i>SLNDSATEV,0,1,1,1517.75212923,b14,1
ILLTC<i>SLN{n{n{h{h{n}}{h{h}{h}}}}}DSATEVTGHR,ILLTC<i>SLNDSATEVT,0,1,1,1618.79980723,b15,1
ILLTC<i>SLN{n{n{h{h{n}}{h{h}{h}}}}}DSATEVTGHR,ILLTC<i>SLNDSATEVTG,0,1,1,1675.82127073,b16,1
ILLTC<i>SLN{n{n{h{h{n}}{h{h}{h}}}}}DSATEVTGHR,ILLTC<i>SLNDSATEVTGH,0,1,1,1812.88018203,b17,1
ILLTC<i>SLN{n{n{h{h{n}}{h{h}{h}}}}}DSATEVTGHR,ILLTC<i>SLN{n},0,1,1,1118.57673094,b8,1
ILLTC<i>SLN{n{n{h{h{n}}{h{h}{h}}}}}DSATEVTGHR,ILLTC<i>SLN{n}D,0,1,1,1233.60367384,b9,1
ILLTC<i>SLN{n{n{h{h{n}}{h{h}{h}}}}}DSATEVTGHR,ILLTC<i>SLN{n}DS,0,1,1,1320.63570203,b10,1
ILLTC<i>SLN{n{n{h{h{n}}{h{h}{h}}}}}DSATEVTGHR,ILLTC<i>SLN{n}DSA,0,1,1,1391.67281563,b11,1
ILLTC<i>SLN{n{n{h{h{n}}{h{h}{h}}}}}DSATEVTGHR,ILLTC<i>SLN{n}DSAT,0,1,1,1492.72049363,b12,1
ILLTC<i>SLN{n{n{h{h{n}}{h{h}{h}}}}}DSATEVTGHR,ILLTC<i>SLN{n}DSATE,0,1,1,1621.76308653,b13,1
ILLTC<i>SLN{n{n{h{h{n}}{h{h}{h}}}}}DSATEVTGHR,ILLTC<i>SLN{n}DSATEV,0,1,1,1720.83150023,b14,1
ILLTC<i>SLN{n{n{h{h{n}}{h{h}{h}}}}}DSATEVTGHR,ILLTC<i>SLN{n}DSATEVT,0,1,1,1821.87917823,b15,1
ILLTC<i>SLN{n{n{h{h{n}}{h{h}{h}}}}}DSATEVTGHR,ILLTC<i>SLN{n}DSATEVTG,0,1,1,1878.90064173,b16,1
ILLTC<i>SLN{n{n{h{h{n}}{h{h}{h}}}}}DSATEVTGHR,ILLTC<i>SLN{n}DSATEVTGH,0,1,1,2015.95955303,b17,1
ILLTC<i>SLN{n{n{h{h{n}}{h{h}{h}}}}}DSATEVTGHR,ILLTC<i>SLN{n{n}},0,1,1,1321.65610334,b8,1
ILLTC<i>SLN{n{n{h{h{n}}{h{h}{h}}}}}DSATEVTGHR,ILLTC<i>SLN{n{n}}D,0,1,1,1436.68304624,b9,1
ILLTC<i>SLN{n{n{h{h{n}}{h{h}{h}}}}}DSATEVTGHR,ILLTC<i>SLN{n{n}}DS,0,1,1,1523.71507443,b10,1
ILLTC<i>SLN{n{n{h{h{n}}{h{h}{h}}}}}DSATEVTGHR,ILLTC<i>SLN{n{n}}DSA,0,1,1,1594.75218803,b11,1
ILLTC<i>SLN{n{n{h{h{n}}{h{h}{h}}}}}DSATEVTGHR,ILLTC<i>SLN{n{n}}DSAT,0,1,1,1695.79986603,b12,1
ILLTC<i>SLN{n{n{h{h{n}}{h{h}{h}}}}}DSATEVTGHR,ILLTC<i>SLN{n{n}}DSATE,0,1,1,1824.84245893,b13,1
ILLTC<i>SLN{n{n{h{h{n}}{h{h}{h}}}}}DSATEVTGHR,ILLTC<i>SLN{n{n}}DSATEV,0,1,1,1923.91087263,b14,1
ILLTC<i>SLN{n{n{h{h{n}}{h{h}{h}}}}}DSATEVTGHR,ILLTC<i>SLN{n{n}}DSATEVT,0,1,1,2024.95855063,b15,1
ILLTC<i>SLN{n{n{h{h{n}}{h{h}{h}}}}}DSATEVTGHR,ILLTC<i>SLN{n{n}}DSATEVTG,0,1,1,2081.98001413,b16,1
ILLTC<i>SLN{n{n{h{h{n}}{h{h}{h}}}}}DSATEVTGHR,ILLTC<i>SLN{n{n}}DSATEVTGH,0,1,1,2219.03892543,b17,1
ILLTC<i>SLN{n{n{h{h{n}}{h{h}{h}}}}}DSATEVTGHR,ILLTC<i>SLN{n{n{h{h{h}{h}}}}},0,1,1,1969.86739734,b8,1
ILLTC<i>SLN{n{n{h{h{n}}{h{h}{h}}}}}DSATEVTGHR,ILLTC<i>SLN{n{n{h{h{h}{h}}}}}D,0,1,1,2084.89434024,b9,1
ILLTC<i>SLN{n{n{h{h{n}}{h{h}{h}}}}}DSATEVTGHR,ILLTC<i>SLN{n{n{h{h{h}{h}}}}}DS,0,1,1,2171.92636843,b10,1
ILLTC<i>SLN{n{n{h{h{n}}{h{h}{h}}}}}DSATEVTGHR,ILLTC<i>SLN{n{n{h{h{h}{h}}}}}DSA,0,1,1,2242.96348203,b11,1
ILLTC<i>SLN{n{n{h{h{n}}{h{h}{h}}}}}DSATEVTGHR,ILLTC<i>SLN{n{n{h{h{h}{h}}}}}DSAT,0,1,1,2344.01116003,b12,1
ILLTC<i>SLN{n{n{h{h{n}}{h{h}{h}}}}}DSATEVTGHR,ILLTC<i>SLN{n{n{h{h{h}{h}}}}}DSATE,0,1,1,2473.05375293,b13,1
ILLTC<i>SLN{n{n{h{h{n}}{h{h}{h}}}}}DSATEVTGHR,ILLTC<i>SLN{n{n{h{h{h}{h}}}}}DSATEV,0,1,1,2572.12216663,b14,1
ILLTC<i>SLN{n{n{h{h{n}}{h{h}{h}}}}}DSATEVTGHR,ILLTC<i>SLN{n{n{h{h{h}{h}}}}}DSATEVT,0,1,1,2673.16984463,b15,1
ILLTC<i>SLN{n{n{h{h{n}}{h{h}{h}}}}}DSATEVTGHR,ILLTC<i>SLN{n{n{h{h{h}{h}}}}}DSATEVTG,0,1,1,2730.19130813,b16,1
ILLTC<i>SLN{n{n{h{h{n}}{h{h}{h}}}}}DSATEVTGHR,ILLTC<i>SLN{n{n{h{h{h}{h}}}}}DSATEVTGH,0,1,1,2867.25021943,b17,1
ILLTC<i>SLN{n{n{h{h{n}}{h{h}{h}}}}}DSATEVTGHR,ILLTC<i>SLN{n{n{h{h}{h{h}{h}}}}},0,1,1,2131.92022083,b8,1
ILLTC<i>SLN{n{n{h{h{n}}{h{h}{h}}}}}DSATEVTGHR,ILLTC<i>SLN{n{n{h{h}{h{h}{h}}}}}D,0,1,1,2246.94716373,b9,1
ILLTC<i>SLN{n{n{h{h{n}}{h{h}{h}}}}}DSATEVTGHR,ILLTC<i>SLN{n{n{h{h}{h{h}{h}}}}}DS,0,1,1,2333.97919193,b10,1
ILLTC<i>SLN{n{n{h{h{n}}{h{h}{h}}}}}DSATEVTGHR,ILLTC<i>SLN{n{n{h{h}{h{h}{h}}}}}DSA,0,1,1,2405.01630553,b11,1
ILLTC<i>SLN{n{n{h{h{n}}{h{h}{h}}}}}DSATEVTGHR,ILLTC<i>SLN{n{n{h{h}{h{h}{h}}}}}DSAT,0,1,1,2506.06398353,b12,1
ILLTC<i>SLN{n{n{h{h{n}}{h{h}{h}}}}}DSATEVTGHR,ILLTC<i>SLN{n{n{h{h}{h{h}{h}}}}}DSATE,0,1,1,2635.10657643,b13,1
ILLTC<i>SLN{n{n{h{h{n}}{h{h}{h}}}}}DSATEVTGHR,ILLTC<i>SLN{n{n{h{h}{h{h}{h}}}}}DSATEV,0,1,1,2734.17499013,b14,1
ILLTC<i>SLN{n{n{h{h{n}}{h{h}{h}}}}}DSATEVTGHR,ILLTC<i>SLN{n{n{h{h}{h{h}{h}}}}}DSATEVT,0,1,1,2835.22266813,b15,1
ILLTC<i>SLN{n{n{h{h{n}}{h{h}{h}}}}}DSATEVTGHR,ILLTC<i>SLN{n{n{h{h}{h{h}{h}}}}}DSATEVTG,0,1,1,2892.24413163,b16,1
ILLTC<i>SLN{n{n{h{h{n}}{h{h}{h}}}}}DSATEVTGHR,ILLTC<i>SLN{n{n{h{h}{h{h}{h}}}}}DSATEVTGH,0,1,1,3029.30304293,b17,1
ILLTC<i>SLN{n{n{h{h{n}}{h{h}{h}}}}}DSATEVTGHR,ILLTC<i>SLN{n{n{h{h{n}}}}},0,1,1,1848.84112274,b8,1
ILLTC<i>SLN{n{n{h{h{n}}{h{h}{h}}}}}DSATEVTGHR,ILLTC<i>SLN{n{n{h{h{n}}}}}D,0,1,1,1963.86806564,b9,1
ILLTC<i>SLN{n{n{h{h{n}}{h{h}{h}}}}}DSATEVTGHR,ILLTC<i>SLN{n{n{h{h{n}}}}}DS,0,1,1,2050.90009383,b10,1
ILLTC<i>SLN{n{n{h{h{n}}{h{h}{h}}}}}DSATEVTGHR,ILLTC<i>SLN{n{n{h{h{n}}}}}DSA,0,1,1,2121.93720743,b11,1
ILLTC<i>SLN{n{n{h{h{n}}{h{h}{h}}}}}DSATEVTGHR,ILLTC<i>SLN{n{n{h{h{n}}}}}DSAT,0,1,1,2222.98488543,b12,1
ILLTC<i>SLN{n{n{h{h{n}}{h{h}{h}}}}}DSATEVTGHR,ILLTC<i>SLN{n{n{h{h{n}}}}}DSATE,0,1,1,2352.02747833,b13,1
ILLTC<i>SLN{n{n{h{h{n}}{h{h}{h}}}}}DSATEVTGHR,ILLTC<i>SLN{n{n{h{h{n}}}}}DSATEV,0,1,1,2451.09589203,b14,1
ILLTC<i>SLN{n{n{h{h{n}}{h{h}{h}}}}}DSATEVTGHR,ILLTC<i>SLN{n{n{h{h{n}}}}}DSATEVT,0,1,1,2552.14357003,b15,1
ILLTC<i>SLN{n{n{h{h{n}}{h{h}{h}}}}}DSATEVTGHR,ILLTC<i>SLN{n{n{h{h{n}}}}}DSATEVTG,0,1,1,2609.16503353,b16,1
ILLTC<i>SLN{n{n{h{h{n}}{h{h}{h}}}}}DSATEVTGHR,ILLTC<i>SLN{n{n{h{h{n}}}}}DSATEVTGH,0,1,1,2746.22394483,b17,1
ILLTC<i>SLN{n{n{h{h{n}}{h{h}{h}}}}}DSATEVTGHR,ILLTC<i>SLN{n{n{h{h{n}}{h{h}}}}},0,1,1,2172.94676973,b8,1
ILLTC<i>SLN{n{n{h{h{n}}{h{h}{h}}}}}DSATEVTGHR,ILLTC<i>SLN{n{n{h{h{n}}{h{h}}}}}D,0,1,1,2287.97371263,b9,1
ILLTC<i>SLN{n{n{h{h{n}}{h{h}{h}}}}}DSATEVTGHR,ILLTC<i>SLN{n{n{h{h{n}}{h{h}}}}}DS,0,1,1,2375.00574083,b10,1
ILLTC<i>SLN{n{n{h{h{n}}{h{h}{h}}}}}DSATEVTGHR,ILLTC<i>SLN{n{n{h{h{n}}{h{h}}}}}DSA,0,1,1,2446.04285443,b11,1
ILLTC<i>SLN{n{n{h{h{n}}{h{h}{h}}}}}DSATEVTGHR,ILLTC<i>SLN{n{n{h{h{n}}{h{h}}}}}DSAT,0,1,1,2547.09053243,b12,1
ILLTC<i>SLN{n{n{h{h{n}}{h{h}{h}}}}}DSATEVTGHR,ILLTC<i>SLN{n{n{h{h{n}}{h{h}}}}}DSATE,0,1,1,2676.13312533,b13,1
ILLTC<i>SLN{n{n{h{h{n}}{h{h}{h}}}}}DSATEVTGHR,ILLTC<i>SLN{n{n{h{h{n}}{h{h}}}}}DSATEV,0,1,1,2775.20153903,b14,1
ILLTC<i>SLN{n{n{h{h{n}}{h{h}{h}}}}}DSATEVTGHR,ILLTC<i>SLN{n{n{h{h{n}}{h{h}}}}}DSATEVT,0,1,1,2876.24921703,b15,1
ILLTC<i>SLN{n{n{h{h{n}}{h{h}{h}}}}}DSATEVTGHR,ILLTC<i>SLN{n{n{h{h{n}}{h{h}}}}}DSATEVTG,0,1,1,2933.27068053,b16,1
ILLTC<i>SLN{n{n{h{h{n}}{h{h}{h}}}}}DSATEVTGHR,ILLTC<i>SLN{n{n{h{h{n}}{h{h}}}}}DSATEVTGH,0,1,1,3070.32959183,b17,1
ILLTC<i>SLN{n{n{h{h{n}}{h{h}{h}}}}}DSATEVTGHR,I,0,1,0,131.11843814,c1,1
ILLTC<i>SLN{n{n{h{h{n}}{h{h}{h}}}}}DSATEVTGHR,IL,0,1,0,244.20250214,c2,1
ILLTC<i>SLN{n{n{h{h{n}}{h{h}{h}}}}}DSATEVTGHR,ILL,0,1,0,357.28656614,c3,1
ILLTC<i>SLN{n{n{h{h{n}}{h{h}{h}}}}}DSATEVTGHR,ILLT,0,1,0,458.33424414,c4,1
ILLTC<i>SLN{n{n{h{h{n}}{h{h}{h}}}}}DSATEVTGHR,ILLTC<i>,0,1,0,618.36488984,c5,1
ILLTC<i>SLN{n{n{h{h{n}}{h{h}{h}}}}}DSATEVTGHR,ILLTC<i>S,0,1,0,705.39691804,c6,1
ILLTC<i>SLN{n{n{h{h{n}}{h{h}{h}}}}}DSATEVTGHR,ILLTC<i>SL,0,1,0,818.48098204,c7,1
ILLTC<i>SLN{n{n{h{h{n}}{h{h}{h}}}}}DSATEVTGHR,ILLTC<i>SLN{n{n{h{h{n}}{h{h}{h}}}}},0,1,0,2352.02614234,c8,1
ILLTC<i>SLN{n{n{h{h{n}}{h{h}{h}}}}}DSATEVTGHR,ILLTC<i>SLN{n{n{h{h{n}}{h{h}{h}}}}}D,0,1,0,2467.05308524,c9,1
ILLTC<i>SLN{n{n{h{h{n}}{h{h}{h}}}}}DSATEVTGHR,ILLTC<i>SLN{n{n{h{h{n}}{h{h}{h}}}}}DS,0,1,0,2554.08511344,c10,1
ILLTC<i>SLN{n{n{h{h{n}}{h{h}{h}}}}}DSATEVTGHR,ILLTC<i>SLN{n{n{h{h{n}}{h{h}{h}}}}}DSA,0,1,0,2625.12222704,c11,1
ILLTC<i>SLN{n{n{h{h{n}}{h{h}{h}}}}}DSATEVTGHR,ILLTC<i>SLN{n{n{h{h{n}}{h{h}{h}}}}}DSAT,0,1,0,2726.16990504,c12,1
ILLTC<i>SLN{n{n{h{h{n}}{h{h}{h}}}}}DSATEVTGHR,ILLTC<i>SLN{n{n{h{h{n}}{h{h}{h}}}}}DSATE,0,1,0,2855.21249794,c13,1
ILLTC<i>SLN{n{n{h{h{n}}{h{h}{h}}}}}DSATEVTGHR,ILLTC<i>SLN{n{n{h{h{n}}{h{h}{h}}}}}DSATEV,0,1,0,2954.28091164,c14,1
ILLTC<i>SLN{n{n{h{h{n}}{h{h}{h}}}}}DSATEVTGHR,ILLTC<i>SLN{n{n{h{h{n}}{h{h}{h}}}}}DSATEVT,0,1,0,3055.32858964,c15,1
ILLTC<i>SLN{n{n{h{h{n}}{h{h}{h}}}}}DSATEVTGHR,ILLTC<i>SLN{n{n{h{h{n}}{h{h}{h}}}}}DSATEVTG,0,1,0,3112.35005314,c16,1
ILLTC<i>SLN{n{n{h{h{n}}{h{h}{h}}}}}DSATEVTGHR,ILLTC<i>SLN{n{n{h{h{n}}{h{h}{h}}}}}DSATEVTGH,0,1,0,3249.40896444,c17,1
ILLTC<i>SLN{n{n{h{h{n}}{h{h}{h}}}}}DSATEVTGHR,ILLTC<i>SLN,0,1,1,932.52390904,c8,1
ILLTC<i>SLN{n{n{h{h{n}}{h{h}{h}}}}}DSATEVTGHR,ILLTC<i>SLND,0,1,1,1047.55085194,c9,1
ILLTC<i>SLN{n{n{h{h{n}}{h{h}{h}}}}}DSATEVTGHR,ILLTC<i>SLNDS,0,1,1,1134.58288014,c10,1
ILLTC<i>SLN{n{n{h{h{n}}{h{h}{h}}}}}DSATEVTGHR,ILLTC<i>SLNDSA,0,1,1,1205.61999374,c11,1
ILLTC<i>SLN{n{n{h{h{n}}{h{h}{h}}}}}DSATEVTGHR,ILLTC<i>SLNDSAT,0,1,1,1306.66767174,c12,1
ILLTC<i>SLN{n{n{h{h{n}}{h{h}{h}}}}}DSATEVTGHR,ILLTC<i>SLNDSATE,0,1,1,1435.71026464,c13,1
ILLTC<i>SLN{n{n{h{h{n}}{h{h}{h}}}}}DSATEVTGHR,ILLTC<i>SLNDSATEV,0,1,1,1534.77867834,c14,1
ILLTC<i>SLN{n{n{h{h{n}}{h{h}{h}}}}}DSATEVTGHR,ILLTC<i>SLNDSATEVT,0,1,1,1635.82635634,c15,1
ILLTC<i>SLN{n{n{h{h{n}}{h{h}{h}}}}}DSATEVTGHR,ILLTC<i>SLNDSATEVTG,0,1,1,1692.84781984,c16,1
ILLTC<i>SLN{n{n{h{h{n}}{h{h}{h}}}}}DSATEVTGHR,ILLTC<i>SLNDSATEVTGH,0,1,1,1829.90673114,c17,1
ILLTC<i>SLN{n{n{h{h{n}}{h{h}{h}}}}}DSATEVTGHR,ILLTC<i>SLN{n},0,1,1,1135.60328004,c8,1
ILLTC<i>SLN{n{n{h{h{n}}{h{h}{h}}}}}DSATEVTGHR,ILLTC<i>SLN{n}D,0,1,1,1250.63022294,c9,1
ILLTC<i>SLN{n{n{h{h{n}}{h{h}{h}}}}}DSATEVTGHR,ILLTC<i>SLN{n}DS,0,1,1,1337.66225114,c10,1
ILLTC<i>SLN{n{n{h{h{n}}{h{h}{h}}}}}DSATEVTGHR,ILLTC<i>SLN{n}DSA,0,1,1,1408.69936474,c11,1
ILLTC<i>SLN{n{n{h{h{n}}{h{h}{h}}}}}DSATEVTGHR,ILLTC<i>SLN{n}DSAT,0,1,1,1509.74704274,c12,1
ILLTC<i>SLN{n{n{h{h{n}}{h{h}{h}}}}}DSATEVTGHR,ILLTC<i>SLN{n}DSATE,0,1,1,1638.78963564,c13,1
ILLTC<i>SLN{n{n{h{h{n}}{h{h}{h}}}}}DSATEVTGHR,ILLTC<i>SLN{n}DSATEV,0,1,1,1737.85804934,c14,1
ILLTC<i>SLN{n{n{h{h{n}}{h{h}{h}}}}}DSATEVTGHR,ILLTC<i>SLN{n}DSATEVT,0,1,1,1838.90572734,c15,1
ILLTC<i>SLN{n{n{h{h{n}}{h{h}{h}}}}}DSATEVTGHR,ILLTC<i>SLN{n}DSATEVTG,0,1,1,1895.92719084,c16,1
ILLTC<i>SLN{n{n{h{h{n}}{h{h}{h}}}}}DSATEVTGHR,ILLTC<i>SLN{n}DSATEVTGH,0,1,1,2032.98610214,c17,1
ILLTC<i>SLN{n{n{h{h{n}}{h{h}{h}}}}}DSATEVTGHR,ILLTC<i>SLN{n{n}},0,1,1,1338.68265244,c8,1
ILLTC<i>SLN{n{n{h{h{n}}{h{h}{h}}}}}DSATEVTGHR,ILLTC<i>SLN{n{n}}D,0,1,1,1453.70959534,c9,1
ILLTC<i>SLN{n{n{h{h{n}}{h{h}{h}}}}}DSATEVTGHR,ILLTC<i>SLN{n{n}}DS,0,1,1,1540.74162354,c10,1
ILLTC<i>SLN{n{n{h{h{n}}{h{h}{h}}}}}DSATEVTGHR,ILLTC<i>SLN{n{n}}DSA,0,1,1,1611.77873714,c11,1
ILLTC<i>SLN{n{n{h{h{n}}{h{h}{h}}}}}DSATEVTGHR,ILLTC<i>SLN{n{n}}DSAT,0,1,1,1712.82641514,c12,1
ILLTC<i>SLN{n{n{h{h{n}}{h{h}{h}}}}}DSATEVTGHR,ILLTC<i>SLN{n{n}}DSATE,0,1,1,1841.86900804,c13,1
ILLTC<i>SLN{n{n{h{h{n}}{h{h}{h}}}}}DSATEVTGHR,ILLTC<i>SLN{n{n}}DSATEV,0,1,1,1940.93742174,c14,1
ILLTC<i>SLN{n{n{h{h{n}}{h{h}{h}}}}}DSATEVTGHR,ILLTC<i>SLN{n{n}}DSATEVT,0,1,1,2041.98509974,c15,1
ILLTC<i>SLN{n{n{h{h{n}}{h{h}{h}}}}}DSATEVTGHR,ILLTC<i>SLN{n{n}}DSATEVTG,0,1,1,2099.00656324,c16,1
ILLTC<i>SLN{n{n{h{h{n}}{h{h}{h}}}}}DSATEVTGHR,ILLTC<i>SLN{n{n}}DSATEVTGH,0,1,1,2236.06547454,c17,1
ILLTC<i>SLN{n{n{h{h{n}}{h{h}{h}}}}}DSATEVTGHR,ILLTC<i>SLN{n{n{h{h{h}{h}}}}},0,1,1,1986.89394644,c8,1
ILLTC<i>SLN{n{n{h{h{n}}{h{h}{h}}}}}DSATEVTGHR,ILLTC<i>SLN{n{n{h{h{h}{h}}}}}D,0,1,1,2101.92088934,c9,1
ILLTC<i>SLN{n{n{h{h{n}}{h{h}{h}}}}}DSATEVTGHR,ILLTC<i>SLN{n{n{h{h{h}{h}}}}}DS,0,1,1,2188.95291754,c10,1
ILLTC<i>SLN{n{n{h{h{n}}{h{h}{h}}}}}DSATEVTGHR,ILLTC<i>SLN{n{n{h{h{h}{h}}}}}DSA,0,1,1,2259.99003114,c11,1
ILLTC<i>SLN{n{n{h{h{n}}{h{h}{h}}}}}DSATEVTGHR,ILLTC<i>SLN{n{n{h{h{h}{h}}}}}DSAT,0,1,1,2361.03770914,c12,1
ILLTC<i>SLN{n{n{h{h{n}}{h{h}{h}}}}}DSATEVTGHR,ILLTC<i>SLN{n{n{h{h{h}{h}}}}}DSATE,0,1,1,2490.08030204,c13,1
ILLTC<i>SLN{n{n{h{h{n}}{h{h}{h}}}}}DSATEVTGHR,ILLTC<i>SLN{n{n{h{h{h}{h}}}}}DSATEV,0,1,1,2589.14871574,c14,1
ILLTC<i>SLN{n{n{h{h{n}}{h{h}{h}}}}}DSATEVTGHR,ILLTC<i>SLN{n{n{h{h{h}{h}}}}}DSATEVT,0,1,1,2690.19639374,c15,1
ILLTC<i>SLN{n{n{h{h{n}}{h{h}{h}}}}}DSATEVTGHR,ILLTC<i>SLN{n{n{h{h{h}{h}}}}}DSATEVTG,0,1,1,2747.21785724,c16,1
ILLTC<i>SLN{n{n{h{h{n}}{h{h}{h}}}}}DSATEVTGHR,ILLTC<i>SLN{n{n{h{h{h}{h}}}}}DSATEVTGH,0,1,1,2884.27676854,c17,1
ILLTC<i>SLN{n{n{h{h{n}}{h{h}{h}}}}}DSATEVTGHR,ILLTC<i>SLN{n{n{h{h}{h{h}{h}}}}},0,1,1,2148.94676994,c8,1
ILLTC<i>SLN{n{n{h{h{n}}{h{h}{h}}}}}DSATEVTGHR,ILLTC<i>SLN{n{n{h{h}{h{h}{h}}}}}D,0,1,1,2263.97371284,c9,1
ILLTC<i>SLN{n{n{h{h{n}}{h{h}{h}}}}}DSATEVTGHR,ILLTC<i>SLN{n{n{h{h}{h{h}{h}}}}}DS,0,1,1,2351.00574104,c10,1
ILLTC<i>SLN{n{n{h{h{n}}{h{h}{h}}}}}DSATEVTGHR,ILLTC<i>SLN{n{n{h{h}{h{h}{h}}}}}DSA,0,1,1,2422.04285464,c11,1
ILLTC<i>SLN{n{n{h{h{n}}{h{h}{h}}}}}DSATEVTGHR,ILLTC<i>SLN{n{n{h{h}{h{h}{h}}}}}DSAT,0,1,1,2523.09053264,c12,1
ILLTC<i>SLN{n{n{h{h{n}}{h{h}{h}}}}}DSATEVTGHR,ILLTC<i>SLN{n{n{h{h}{h{h}{h}}}}}DSATE,0,1,1,2652.13312554,c13,1
ILLTC<i>SLN{n{n{h{h{n}}{h{h}{h}}}}}DSATEVTGHR,ILLTC<i>SLN{n{n{h{h}{h{h}{h}}}}}DSATEV,0,1,1,2751.20153924,c14,1
ILLTC<i>SLN{n{n{h{h{n}}{h{h}{h}}}}}DSATEVTGHR,ILLTC<i>SLN{n{n{h{h}{h{h}{h}}}}}DSATEVT,0,1,1,2852.24921724,c15,1
ILLTC<i>SLN{n{n{h{h{n}}{h{h}{h}}}}}DSATEVTGHR,ILLTC<i>SLN{n{n{h{h}{h{h}{h}}}}}DSATEVTG,0,1,1,2909.27068074,c16,1
ILLTC<i>SLN{n{n{h{h{n}}{h{h}{h}}}}}DSATEVTGHR,ILLTC<i>SLN{n{n{h{h}{h{h}{h}}}}}DSATEVTGH,0,1,1,3046.32959204,c17,1
ILLTC<i>SLN{n{n{h{h{n}}{h{h}{h}}}}}DSATEVTGHR,ILLTC<i>SLN{n{n{h{h{n}}}}},0,1,1,1865.86767184,c8,1
ILLTC<i>SLN{n{n{h{h{n}}{h{h}{h}}}}}DSATEVTGHR,ILLTC<i>SLN{n{n{h{h{n}}}}}D,0,1,1,1980.89461474,c9,1
ILLTC<i>SLN{n{n{h{h{n}}{h{h}{h}}}}}DSATEVTGHR,ILLTC<i>SLN{n{n{h{h{n}}}}}DS,0,1,1,2067.92664294,c10,1
ILLTC<i>SLN{n{n{h{h{n}}{h{h}{h}}}}}DSATEVTGHR,ILLTC<i>SLN{n{n{h{h{n}}}}}DSA,0,1,1,2138.96375654,c11,1
ILLTC<i>SLN{n{n{h{h{n}}{h{h}{h}}}}}DSATEVTGHR,ILLTC<i>SLN{n{n{h{h{n}}}}}DSAT,0,1,1,2240.01143454,c12,1
ILLTC<i>SLN{n{n{h{h{n}}{h{h}{h}}}}}DSATEVTGHR,ILLTC<i>SLN{n{n{h{h{n}}}}}DSATE,0,1,1,2369.05402744,c13,1
ILLTC<i>SLN{n{n{h{h{n}}{h{h}{h}}}}}DSATEVTGHR,ILLTC<i>SLN{n{n{h{h{n}}}}}DSATEV,0,1,1,2468.12244114,c14,1
ILLTC<i>SLN{n{n{h{h{n}}{h{h}{h}}}}}DSATEVTGHR,ILLTC<i>SLN{n{n{h{h{n}}}}}DSATEVT,0,1,1,2569.17011914,c15,1
ILLTC<i>SLN{n{n{h{h{n}}{h{h}{h}}}}}DSATEVTGHR,ILLTC<i>SLN{n{n{h{h{n}}}}}DSATEVTG,0,1,1,2626.19158264,c16,1
ILLTC<i>SLN{n{n{h{h{n}}{h{h}{h}}}}}DSATEVTGHR,ILLTC<i>SLN{n{n{h{h{n}}}}}DSATEVTGH,0,1,1,2763.25049394,c17,1
ILLTC<i>SLN{n{n{h{h{n}}{h{h}{h}}}}}DSATEVTGHR,ILLTC<i>SLN{n{n{h{h{n}}{h{h}}}}},0,1,1,2189.97331884,c8,1
ILLTC<i>SLN{n{n{h{h{n}}{h{h}{h}}}}}DSATEVTGHR,ILLTC<i>SLN{n{n{h{h{n}}{h{h}}}}}D,0,1,1,2305.00026174,c9,1
ILLTC<i>SLN{n{n{h{h{n}}{h{h}{h}}}}}DSATEVTGHR,ILLTC<i>SLN{n{n{h{h{n}}{h{h}}}}}DS,0,1,1,2392.03228994,c10,1
ILLTC<i>SLN{n{n{h{h{n}}{h{h}{h}}}}}DSATEVTGHR,ILLTC<i>SLN{n{n{h{h{n}}{h{h}}}}}DSA,0,1,1,2463.06940354,c11,1
ILLTC<i>SLN{n{n{h{h{n}}{h{h}{h}}}}}DSATEVTGHR,ILLTC<i>SLN{n{n{h{h{n}}{h{h}}}}}DSAT,0,1,1,2564.11708154,c12,1
ILLTC<i>SLN{n{n{h{h{n}}{h{h}{h}}}}}DSATEVTGHR,ILLTC<i>SLN{n{n{h{h{n}}{h{h}}}}}DSATE,0,1,1,2693.15967444,c13,1
ILLTC<i>SLN{n{n{h{h{n}}{h{h}{h}}}}}DSATEVTGHR,ILLTC<i>SLN{n{n{h{h{n}}{h{h}}}}}DSATEV,0,1,1,2792.22808814,c14,1
ILLTC<i>SLN{n{n{h{h{n}}{h{h}{h}}}}}DSATEVTGHR,ILLTC<i>SLN{n{n{h{h{n}}{h{h}}}}}DSATEVT,0,1,1,2893.27576614,c15,1
ILLTC<i>SLN{n{n{h{h{n}}{h{h}{h}}}}}DSATEVTGHR,ILLTC<i>SLN{n{n{h{h{n}}{h{h}}}}}DSATEVTG,0,1,1,2950.29722964,c16,1
ILLTC<i>SLN{n{n{h{h{n}}{h{h}{h}}}}}DSATEVTGHR,ILLTC<i>SLN{n{n{h{h{n}}{h{h}}}}}DSATEVTGH,0,1,1,3087.35614094,c17,1
ILLTC<i>SLN{n{n{h{h{n}}{h{h}{h}}}}}DSATEVTGHR,LLTC<i>SLN{n{n{h{h{n}}{h{h}{h}}}}}DSATEVTGHR,0,1,0,3293.41002633,y17,1
ILLTC<i>SLN{n{n{h{h{n}}{h{h}{h}}}}}DSATEVTGHR,LTC<i>SLN{n{n{h{h{n}}{h{h}{h}}}}}DSATEVTGHR,0,1,0,3180.32596234,y16,1
ILLTC<i>SLN{n{n{h{h{n}}{h{h}{h}}}}}DSATEVTGHR,TC<i>SLN{n{n{h{h{n}}{h{h}{h}}}}}DSATEVTGHR,0,1,0,3067.24189833,y15,1
ILLTC<i>SLN{n{n{h{h{n}}{h{h}{h}}}}}DSATEVTGHR,C<i>SLN{n{n{h{h{n}}{h{h}{h}}}}}DSATEVTGHR,0,1,0,2966.19422034,y14,1
ILLTC<i>SLN{n{n{h{h{n}}{h{h}{h}}}}}DSATEVTGHR,SLN{n{n{h{h{n}}{h{h}{h}}}}}DSATEVTGHR,0,1,0,2806.16357463,y13,1
ILLTC<i>SLN{n{n{h{h{n}}{h{h}{h}}}}}DSATEVTGHR,LN{n{n{h{h{n}}{h{h}{h}}}}}DSATEVTGHR,0,1,0,2719.13154643,y12,1
ILLTC<i>SLN{n{n{h{h{n}}{h{h}{h}}}}}DSATEVTGHR,N{n{n{h{h{n}}{h{h}{h}}}}}DSATEVTGHR,0,1,0,2606.04748243,y11,1
ILLTC<i>SLN{n{n{h{h{n}}{h{h}{h}}}}}DSATEVTGHR,DSATEVTGHR,0,1,0,1072.50232214,y10,1
ILLTC<i>SLN{n{n{h{h{n}}{h{h}{h}}}}}DSATEVTGHR,SATEVTGHR,0,1,0,957.47537923,y9,1
ILLTC<i>SLN{n{n{h{h{n}}{h{h}{h}}}}}DSATEVTGHR,ATEVTGHR,0,1,0,870.44335103,y8,1
ILLTC<i>SLN{n{n{h{h{n}}{h{h}{h}}}}}DSATEVTGHR,TEVTGHR,0,1,0,799.40623743,y7,1
ILLTC<i>SLN{n{n{h{h{n}}{h{h}{h}}}}}DSATEVTGHR,EVTGHR,0,1,0,698.35855943,y6,1
ILLTC<i>SLN{n{n{h{h{n}}{h{h}{h}}}}}DSATEVTGHR,VTGHR,0,1,0,569.31596654,y5,1
ILLTC<i>SLN{n{n{h{h{n}}{h{h}{h}}}}}DSATEVTGHR,TGHR,0,1,0,470.24755283,y4,1
ILLTC<i>SLN{n{n{h{h{n}}{h{h}{h}}}}}DSATEVTGHR,GHR,0,1,0,369.19987484,y3,1
ILLTC<i>SLN{n{n{h{h{n}}{h{h}{h}}}}}DSATEVTGHR,HR,0,1,0,312.17841133,y2,1
ILLTC<i>SLN{n{n{h{h{n}}{h{h}{h}}}}}DSATEVTGHR,R,0,1,0,175.11950003,y1,1
ILLTC<i>SLN{n{n{h{h{n}}{h{h}{h}}}}}DSATEVTGHR,LLTC<i>SLNDSATEVTGHR,0,1,1,1873.90779303,y17,1
ILLTC<i>SLN{n{n{h{h{n}}{h{h}{h}}}}}DSATEVTGHR,LTC<i>SLNDSATEVTGHR,0,1,1,1760.82372904,y16,1
ILLTC<i>SLN{n{n{h{h{n}}{h{h}{h}}}}}DSATEVTGHR,TC<i>SLNDSATEVTGHR,0,1,1,1647.73966504,y15,1
ILLTC<i>SLN{n{n{h{h{n}}{h{h}{h}}}}}DSATEVTGHR,C<i>SLNDSATEVTGHR,0,1,1,1546.69198704,y14,1
ILLTC<i>SLN{n{n{h{h{n}}{h{h}{h}}}}}DSATEVTGHR,SLNDSATEVTGHR,0,1,1,1386.66134134,y13,1
ILLTC<i>SLN{n{n{h{h{n}}{h{h}{h}}}}}DSATEVTGHR,LNDSATEVTGHR,0,1,1,1299.62931314,y12,1
ILLTC<i>SLN{n{n{h{h{n}}{h{h}{h}}}}}DSATEVTGHR,NDSATEVTGHR,0,1,1,1186.54524913,y11,1
ILLTC<i>SLN{n{n{h{h{n}}{h{h}{h}}}}}DSATEVTGHR,LLTC<i>SLN{n}DSATEVTGHR,0,1,1,2076.98716403,y17,1
ILLTC<i>SLN{n{n{h{h{n}}{h{h}{h}}}}}DSATEVTGHR,LTC<i>SLN{n}DSATEVTGHR,0,1,1,1963.90310004,y16,1
ILLTC<i>SLN{n{n{h{h{n}}{h{h}{h}}}}}DSATEVTGHR,TC<i>SLN{n}DSATEVTGHR,0,1,1,1850.81903604,y15,1
ILLTC<i>SLN{n{n{h{h{n}}{h{h}{h}}}}}DSATEVTGHR,C<i>SLN{n}DSATEVTGHR,0,1,1,1749.77135804,y14,1
ILLTC<i>SLN{n{n{h{h{n}}{h{h}{h}}}}}DSATEVTGHR,SLN{n}DSATEVTGHR,0,1,1,1589.74071234,y13,1
ILLTC<i>SLN{n{n{h{h{n}}{h{h}{h}}}}}DSATEVTGHR,LN{n}DSATEVTGHR,0,1,1,1502.70868414,y12,1
ILLTC<i>SLN{n{n{h{h{n}}{h{h}{h}}}}}DSATEVTGHR,N{n}DSATEVTGHR,0,1,1,1389.62462014,y11,1
ILLTC<i>SLN{n{n{h{h{n}}{h{h}{h}}}}}DSATEVTGHR,LLTC<i>SLN{n{n}}DSATEVTGHR,0,1,1,2280.06653643,y17,1
ILLTC<i>SLN{n{n{h{h{n}}{h{h}{h}}}}}DSATEVTGHR,LTC<i>SLN{n{n}}DSATEVTGHR,0,1,1,2166.98247243,y16,1
ILLTC<i>SLN{n{n{h{h{n}}{h{h}{h}}}}}DSATEVTGHR,TC<i>SLN{n{n}}DSATEVTGHR,0,1,1,2053.89840844,y15,1
ILLTC<i>SLN{n{n{h{h{n}}{h{h}{h}}}}}DSATEVTGHR,C<i>SLN{n{n}}DSATEVTGHR,0,1,1,1952.85073044,y14,1
ILLTC<i>SLN{n{n{h{h{n}}{h{h}{h}}}}}DSATEVTGHR,SLN{n{n}}DSATEVTGHR,0,1,1,1792.82008474,y13,1
ILLTC<i>SLN{n{n{h{h{n}}{h{h}{h}}}}}DSATEVTGHR,LN{n{n}}DSATEVTGHR,0,1,1,1705.78805654,y12,1
ILLTC<i>SLN{n{n{h{h{n}}{h{h}{h}}}}}DSATEVTGHR,N{n{n}}DSATEVTGHR,0,1,1,1592.70399254,y11,1
ILLTC<i>SLN{n{n{h{h{n}}{h{h}{h}}}}}DSATEVTGHR,LLTC<i>SLN{n{n{h{h{h}{h}}}}}DSATEVTGHR,0,1,1,2928.27783043,y17,1
ILLTC<i>SLN{n{n{h{h{n}}{h{h}{h}}}}}DSATEVTGHR,LTC<i>SLN{n{n{h{h{h}{h}}}}}DSATEVTGHR,0,1,1,2815.19376643,y16,1
ILLTC<i>SLN{n{n{h{h{n}}{h{h}{h}}}}}DSATEVTGHR,TC<i>SLN{n{n{h{h{h}{h}}}}}DSATEVTGHR,0,1,1,2702.10970243,y15,1
ILLTC<i>SLN{n{n{h{h{n}}{h{h}{h}}}}}DSATEVTGHR,C<i>SLN{n{n{h{h{h}{h}}}}}DSATEVTGHR,0,1,1,2601.06202443,y14,1
ILLTC<i>SLN{n{n{h{h{n}}{h{h}{h}}}}}DSATEVTGHR,SLN{n{n{h{h{h}{h}}}}}DSATEVTGHR,0,1,1,2441.03137874,y13,1
ILLTC<i>SLN{n{n{h{h{n}}{h{h}{h}}}}}DSATEVTGHR,LN{n{n{h{h{h}{h}}}}}DSATEVTGHR,0,1,1,2353.99935053,y12,1
ILLTC<i>SLN{n{n{h{h{n}}{h{h}{h}}}}}DSATEVTGHR,N{n{n{h{h{h}{h}}}}}DSATEVTGHR,0,1,1,2240.91528653,y11,1
ILLTC<i>SLN{n{n{h{h{n}}{h{h}{h}}}}}DSATEVTGHR,LLTC<i>SLN{n{n{h{h}{h{h}{h}}}}}DSATEVTGHR,0,1,1,3090.33065393,y17,1
ILLTC<i>SLN{n{n{h{h{n}}{h{h}{h}}}}}DSATEVTGHR,LTC<i>SLN{n{n{h{h}{h{h}{h}}}}}DSATEVTGHR,0,1,1,2977.24658993,y16,1
ILLTC<i>SLN{n{n{h{h{n}}{h{h}{h}}}}}DSATEVTGHR,TC<i>SLN{n{n{h{h}{h{h}{h}}}}}DSATEVTGHR,0,1,1,2864.16252593,y15,1
ILLTC<i>SLN{n{n{h{h{n}}{h{h}{h}}}}}DSATEVTGHR,C<i>SLN{n{n{h{h}{h{h}{h}}}}}DSATEVTGHR,0,1,1,2763.11484793,y14,1
ILLTC<i>SLN{n{n{h{h{n}}{h{h}{h}}}}}DSATEVTGHR,SLN{n{n{h{h}{h{h}{h}}}}}DSATEVTGHR,0,1,1,2603.08420223,y13,1
ILLTC<i>SLN{n{n{h{h{n}}{h{h}{h}}}}}DSATEVTGHR,LN{n{n{h{h}{h{h}{h}}}}}DSATEVTGHR,0,1,1,2516.05217404,y12,1
ILLTC<i>SLN{n{n{h{h{n}}{h{h}{h}}}}}DSATEVTGHR,N{n{n{h{h}{h{h}{h}}}}}DSATEVTGHR,0,1,1,2402.96811003,y11,1
ILLTC<i>SLN{n{n{h{h{n}}{h{h}{h}}}}}DSATEVTGHR,LLTC<i>SLN{n{n{h{h{n}}}}}DSATEVTGHR,0,1,1,2807.25155583,y17,1
ILLTC<i>SLN{n{n{h{h{n}}{h{h}{h}}}}}DSATEVTGHR,LTC<i>SLN{n{n{h{h{n}}}}}DSATEVTGHR,0,1,1,2694.16749183,y16,1
ILLTC<i>SLN{n{n{h{h{n}}{h{h}{h}}}}}DSATEVTGHR,TC<i>SLN{n{n{h{h{n}}}}}DSATEVTGHR,0,1,1,2581.08342783,y15,1
ILLTC<i>SLN{n{n{h{h{n}}{h{h}{h}}}}}DSATEVTGHR,C<i>SLN{n{n{h{h{n}}}}}DSATEVTGHR,0,1,1,2480.03574983,y14,1
ILLTC<i>SLN{n{n{h{h{n}}{h{h}{h}}}}}DSATEVTGHR,SLN{n{n{h{h{n}}}}}DSATEVTGHR,0,1,1,2320.00510413,y13,1
ILLTC<i>SLN{n{n{h{h{n}}{h{h}{h}}}}}DSATEVTGHR,LN{n{n{h{h{n}}}}}DSATEVTGHR,0,1,1,2232.97307594,y12,1
ILLTC<i>SLN{n{n{h{h{n}}{h{h}{h}}}}}DSATEVTGHR,N{n{n{h{h{n}}}}}DSATEVTGHR,0,1,1,2119.88901193,y11,1
ILLTC<i>SLN{n{n{h{h{n}}{h{h}{h}}}}}DSATEVTGHR,LLTC<i>SLN{n{n{h{h{n}}{h{h}}}}}DSATEVTGHR,0,1,1,3131.35720283,y17,1
ILLTC<i>SLN{n{n{h{h{n}}{h{h}{h}}}}}DSATEVTGHR,LTC<i>SLN{n{n{h{h{n}}{h{h}}}}}DSATEVTGHR,0,1,1,3018.27313883,y16,1
ILLTC<i>SLN{n{n{h{h{n}}{h{h}{h}}}}}DSATEVTGHR,TC<i>SLN{n{n{h{h{n}}{h{h}}}}}DSATEVTGHR,0,1,1,2905.18907484,y15,1
ILLTC<i>SLN{n{n{h{h{n}}{h{h}{h}}}}}DSATEVTGHR,C<i>SLN{n{n{h{h{n}}{h{h}}}}}DSATEVTGHR,0,1,1,2804.14139684,y14,1
ILLTC<i>SLN{n{n{h{h{n}}{h{h}{h}}}}}DSATEVTGHR,SLN{n{n{h{h{n}}{h{h}}}}}DSATEVTGHR,0,1,1,2644.11075113,y13,1
ILLTC<i>SLN{n{n{h{h{n}}{h{h}{h}}}}}DSATEVTGHR,LN{n{n{h{h{n}}{h{h}}}}}DSATEVTGHR,0,1,1,2557.07872293,y12,1
ILLTC<i>SLN{n{n{h{h{n}}{h{h}{h}}}}}DSATEVTGHR,N{n{n{h{h{n}}{h{h}}}}}DSATEVTGHR,0,1,1,2443.99465893,y11,1
ILLTC<i>SLN{n{n{h{h{n}}{h{h}{h}}}}}DSATEVTGHR,LLTC<i>SLN{n{n{h{h{n}}{h{h}{h}}}}}DSATEVTGHR,0,1,0,3277.39130227,z17,1
ILLTC<i>SLN{n{n{h{h{n}}{h{h}{h}}}}}DSATEVTGHR,LTC<i>SLN{n{n{h{h{n}}{h{h}{h}}}}}DSATEVTGHR,0,1,0,3164.30723827,z16,1
ILLTC<i>SLN{n{n{h{h{n}}{h{h}{h}}}}}DSATEVTGHR,TC<i>SLN{n{n{h{h{n}}{h{h}{h}}}}}DSATEVTGHR,0,1,0,3051.22317427,z15,1
ILLTC<i>SLN{n{n{h{h{n}}{h{h}{h}}}}}DSATEVTGHR,C<i>SLN{n{n{h{h{n}}{h{h}{h}}}}}DSATEVTGHR,0,1,0,2950.17549627,z14,1
ILLTC<i>SLN{n{n{h{h{n}}{h{h}{h}}}}}DSATEVTGHR,SLN{n{n{h{h{n}}{h{h}{h}}}}}DSATEVTGHR,0,1,0,2790.14485057,z13,1
ILLTC<i>SLN{n{n{h{h{n}}{h{h}{h}}}}}DSATEVTGHR,LN{n{n{h{h{n}}{h{h}{h}}}}}DSATEVTGHR,0,1,0,2703.11282237,z12,1
ILLTC<i>SLN{n{n{h{h{n}}{h{h}{h}}}}}DSATEVTGHR,N{n{n{h{h{n}}{h{h}{h}}}}}DSATEVTGHR,0,1,0,2590.02875837,z11,1
ILLTC<i>SLN{n{n{h{h{n}}{h{h}{h}}}}}DSATEVTGHR,DSATEVTGHR,0,1,0,1056.48359807,z10,1
ILLTC<i>SLN{n{n{h{h{n}}{h{h}{h}}}}}DSATEVTGHR,SATEVTGHR,0,1,0,941.45665517,z9,1
ILLTC<i>SLN{n{n{h{h{n}}{h{h}{h}}}}}DSATEVTGHR,ATEVTGHR,0,1,0,854.42462697,z8,1
ILLTC<i>SLN{n{n{h{h{n}}{h{h}{h}}}}}DSATEVTGHR,TEVTGHR,0,1,0,783.38751337,z7,1
ILLTC<i>SLN{n{n{h{h{n}}{h{h}{h}}}}}DSATEVTGHR,EVTGHR,0,1,0,682.33983537,z6,1
ILLTC<i>SLN{n{n{h{h{n}}{h{h}{h}}}}}DSATEVTGHR,VTGHR,0,1,0,553.29724247,z5,1
ILLTC<i>SLN{n{n{h{h{n}}{h{h}{h}}}}}DSATEVTGHR,TGHR,0,1,0,454.22882877,z4,1
ILLTC<i>SLN{n{n{h{h{n}}{h{h}{h}}}}}DSATEVTGHR,GHR,0,1,0,353.18115077,z3,1
ILLTC<i>SLN{n{n{h{h{n}}{h{h}{h}}}}}DSATEVTGHR,HR,0,1,0,296.15968727,z2,1
ILLTC<i>SLN{n{n{h{h{n}}{h{h}{h}}}}}DSATEVTGHR,R,0,1,0,159.10077597,z1,1
ILLTC<i>SLN{n{n{h{h{n}}{h{h}{h}}}}}DSATEVTGHR,LLTC<i>SLNDSATEVTGHR,0,1,1,1857.88906897,z17,1
ILLTC<i>SLN{n{n{h{h{n}}{h{h}{h}}}}}DSATEVTGHR,LTC<i>SLNDSATEVTGHR,0,1,1,1744.80500497,z16,1
ILLTC<i>SLN{n{n{h{h{n}}{h{h}{h}}}}}DSATEVTGHR,TC<i>SLNDSATEVTGHR,0,1,1,1631.72094097,z15,1
ILLTC<i>SLN{n{n{h{h{n}}{h{h}{h}}}}}DSATEVTGHR,C<i>SLNDSATEVTGHR,0,1,1,1530.67326297,z14,1
ILLTC<i>SLN{n{n{h{h{n}}{h{h}{h}}}}}DSATEVTGHR,SLNDSATEVTGHR,0,1,1,1370.64261727,z13,1
ILLTC<i>SLN{n{n{h{h{n}}{h{h}{h}}}}}DSATEVTGHR,LNDSATEVTGHR,0,1,1,1283.61058907,z12,1
ILLTC<i>SLN{n{n{h{h{n}}{h{h}{h}}}}}DSATEVTGHR,NDSATEVTGHR,0,1,1,1170.52652507,z11,1
ILLTC<i>SLN{n{n{h{h{n}}{h{h}{h}}}}}DSATEVTGHR,LLTC<i>SLN{n}DSATEVTGHR,0,1,1,2060.96843997,z17,1
ILLTC<i>SLN{n{n{h{h{n}}{h{h}{h}}}}}DSATEVTGHR,LTC<i>SLN{n}DSATEVTGHR,0,1,1,1947.88437597,z16,1
ILLTC<i>SLN{n{n{h{h{n}}{h{h}{h}}}}}DSATEVTGHR,TC<i>SLN{n}DSATEVTGHR,0,1,1,1834.80031197,z15,1
ILLTC<i>SLN{n{n{h{h{n}}{h{h}{h}}}}}DSATEVTGHR,C<i>SLN{n}DSATEVTGHR,0,1,1,1733.75263397,z14,1
ILLTC<i>SLN{n{n{h{h{n}}{h{h}{h}}}}}DSATEVTGHR,SLN{n}DSATEVTGHR,0,1,1,1573.72198827,z13,1
ILLTC<i>SLN{n{n{h{h{n}}{h{h}{h}}}}}DSATEVTGHR,LN{n}DSATEVTGHR,0,1,1,1486.68996007,z12,1
ILLTC<i>SLN{n{n{h{h{n}}{h{h}{h}}}}}DSATEVTGHR,N{n}DSATEVTGHR,0,1,1,1373.60589607,z11,1
ILLTC<i>SLN{n{n{h{h{n}}{h{h}{h}}}}}DSATEVTGHR,LLTC<i>SLN{n{n}}DSATEVTGHR,0,1,1,2264.04781237,z17,1
ILLTC<i>SLN{n{n{h{h{n}}{h{h}{h}}}}}DSATEVTGHR,LTC<i>SLN{n{n}}DSATEVTGHR,0,1,1,2150.96374837,z16,1
ILLTC<i>SLN{n{n{h{h{n}}{h{h}{h}}}}}DSATEVTGHR,TC<i>SLN{n{n}}DSATEVTGHR,0,1,1,2037.87968437,z15,1
ILLTC<i>SLN{n{n{h{h{n}}{h{h}{h}}}}}DSATEVTGHR,C<i>SLN{n{n}}DSATEVTGHR,0,1,1,1936.83200637,z14,1
ILLTC<i>SLN{n{n{h{h{n}}{h{h}{h}}}}}DSATEVTGHR,SLN{n{n}}DSATEVTGHR,0,1,1,1776.80136067,z13,1
ILLTC<i>SLN{n{n{h{h{n}}{h{h}{h}}}}}DSATEVTGHR,LN{n{n}}DSATEVTGHR,0,1,1,1689.76933247,z12,1
ILLTC<i>SLN{n{n{h{h{n}}{h{h}{h}}}}}DSATEVTGHR,N{n{n}}DSATEVTGHR,0,1,1,1576.68526847,z11,1
ILLTC<i>SLN{n{n{h{h{n}}{h{h}{h}}}}}DSATEVTGHR,LLTC<i>SLN{n{n{h{h{h}{h}}}}}DSATEVTGHR,0,1,1,2912.25910637,z17,1
ILLTC<i>SLN{n{n{h{h{n}}{h{h}{h}}}}}DSATEVTGHR,LTC<i>SLN{n{n{h{h{h}{h}}}}}DSATEVTGHR,0,1,1,2799.17504237,z16,1
ILLTC<i>SLN{n{n{h{h{n}}{h{h}{h}}}}}DSATEVTGHR,TC<i>SLN{n{n{h{h{h}{h}}}}}DSATEVTGHR,0,1,1,2686.09097837,z15,1
ILLTC<i>SLN{n{n{h{h{n}}{h{h}{h}}}}}DSATEVTGHR,C<i>SLN{n{n{h{h{h}{h}}}}}DSATEVTGHR,0,1,1,2585.04330037,z14,1
ILLTC<i>SLN{n{n{h{h{n}}{h{h}{h}}}}}DSATEVTGHR,SLN{n{n{h{h{h}{h}}}}}DSATEVTGHR,0,1,1,2425.01265467,z13,1
ILLTC<i>SLN{n{n{h{h{n}}{h{h}{h}}}}}DSATEVTGHR,LN{n{n{h{h{h}{h}}}}}DSATEVTGHR,0,1,1,2337.98062647,z12,1
ILLTC<i>SLN{n{n{h{h{n}}{h{h}{h}}}}}DSATEVTGHR,N{n{n{h{h{h}{h}}}}}DSATEVTGHR,0,1,1,2224.89656247,z11,1
ILLTC<i>SLN{n{n{h{h{n}}{h{h}{h}}}}}DSATEVTGHR,LLTC<i>SLN{n{n{h{h}{h{h}{h}}}}}DSATEVTGHR,0,1,1,3074.31192987,z17,1
ILLTC<i>SLN{n{n{h{h{n}}{h{h}{h}}}}}DSATEVTGHR,LTC<i>SLN{n{n{h{h}{h{h}{h}}}}}DSATEVTGHR,0,1,1,2961.22786587,z16,1
ILLTC<i>SLN{n{n{h{h{n}}{h{h}{h}}}}}DSATEVTGHR,TC<i>SLN{n{n{h{h}{h{h}{h}}}}}DSATEVTGHR,0,1,1,2848.14380187,z15,1
ILLTC<i>SLN{n{n{h{h{n}}{h{h}{h}}}}}DSATEVTGHR,C<i>SLN{n{n{h{h}{h{h}{h}}}}}DSATEVTGHR,0,1,1,2747.09612387,z14,1
ILLTC<i>SLN{n{n{h{h{n}}{h{h}{h}}}}}DSATEVTGHR,SLN{n{n{h{h}{h{h}{h}}}}}DSATEVTGHR,0,1,1,2587.06547817,z13,1
ILLTC<i>SLN{n{n{h{h{n}}{h{h}{h}}}}}DSATEVTGHR,LN{n{n{h{h}{h{h}{h}}}}}DSATEVTGHR,0,1,1,2500.03344997,z12,1
ILLTC<i>SLN{n{n{h{h{n}}{h{h}{h}}}}}DSATEVTGHR,N{n{n{h{h}{h{h}{h}}}}}DSATEVTGHR,0,1,1,2386.94938597,z11,1
ILLTC<i>SLN{n{n{h{h{n}}{h{h}{h}}}}}DSATEVTGHR,LLTC<i>SLN{n{n{h{h{n}}}}}DSATEVTGHR,0,1,1,2791.23283177,z17,1
ILLTC<i>SLN{n{n{h{h{n}}{h{h}{h}}}}}DSATEVTGHR,LTC<i>SLN{n{n{h{h{n}}}}}DSATEVTGHR,0,1,1,2678.14876777,z16,1
ILLTC<i>SLN{n{n{h{h{n}}{h{h}{h}}}}}DSATEVTGHR,TC<i>SLN{n{n{h{h{n}}}}}DSATEVTGHR,0,1,1,2565.06470377,z15,1
ILLTC<i>SLN{n{n{h{h{n}}{h{h}{h}}}}}DSATEVTGHR,C<i>SLN{n{n{h{h{n}}}}}DSATEVTGHR,0,1,1,2464.01702577,z14,1
ILLTC<i>SLN{n{n{h{h{n}}{h{h}{h}}}}}DSATEVTGHR,SLN{n{n{h{h{n}}}}}DSATEVTGHR,0,1,1,2303.98638007,z13,1
ILLTC<i>SLN{n{n{h{h{n}}{h{h}{h}}}}}DSATEVTGHR,LN{n{n{h{h{n}}}}}DSATEVTGHR,0,1,1,2216.95435187,z12,1
ILLTC<i>SLN{n{n{h{h{n}}{h{h}{h}}}}}DSATEVTGHR,N{n{n{h{h{n}}}}}DSATEVTGHR,0,1,1,2103.87028787,z11,1
ILLTC<i>SLN{n{n{h{h{n}}{h{h}{h}}}}}DSATEVTGHR,LLTC<i>SLN{n{n{h{h{n}}{h{h}}}}}DSATEVTGHR,0,1,1,3115.33847877,z17,1
ILLTC<i>SLN{n{n{h{h{n}}{h{h}{h}}}}}DSATEVTGHR,LTC<i>SLN{n{n{h{h{n}}{h{h}}}}}DSATEVTGHR,0,1,1,3002.25441477,z16,1
ILLTC<i>SLN{n{n{h{h{n}}{h{h}{h}}}}}DSATEVTGHR,TC<i>SLN{n{n{h{h{n}}{h{h}}}}}DSATEVTGHR,0,1,1,2889.17035077,z15,1
ILLTC<i>SLN{n{n{h{h{n}}{h{h}{h}}}}}DSATEVTGHR,C<i>SLN{n{n{h{h{n}}{h{h}}}}}DSATEVTGHR,0,1,1,2788.12267277,z14,1
ILLTC<i>SLN{n{n{h{h{n}}{h{h}{h}}}}}DSATEVTGHR,SLN{n{n{h{h{n}}{h{h}}}}}DSATEVTGHR,0,1,1,2628.09202707,z13,1
ILLTC<i>SLN{n{n{h{h{n}}{h{h}{h}}}}}DSATEVTGHR,LN{n{n{h{h{n}}{h{h}}}}}DSATEVTGHR,0,1,1,2541.05999887,z12,1
ILLTC<i>SLN{n{n{h{h{n}}{h{h}{h}}}}}DSATEVTGHR,N{n{n{h{h{n}}{h{h}}}}}DSATEVTGHR,0,1,1,2427.97593487,z11,1
ILLTC<i>SLN{n{n{h{h{n}}{h{h}{h}}}}}DSATEVTGHR,ILLTC<i>SLN{n{n{h{h{n}}{h{h}{h}}}}}DSATEVTGHR,0,0,0,1703.75095725,none,2
ILLTC<i>SLN{n{n{h{h{n}}{h{h}{h}}}}}DSATEVTGHR,ILLTC<i>SLNDSATEVTGHR,0,0,1,993.99984103,-y-{n{n{h{h{n}}{h{h}{h}}}}},2
ILLTC<i>SLN{n{n{h{h{n}}{h{h}{h}}}}}DSATEVTGHR,ILLTC<i>SLN{n}DSATEVTGHR,0,0,1,1095.53952653,-y-{n{h{h{n}}{h{h}{h}}}},2
ILLTC<i>SLN{n{n{h{h{n}}{h{h}{h}}}}}DSATEVTGHR,ILLTC<i>SLN{n{n}}DSATEVTGHR,0,0,1,1197.07921273,-y-{h{h{n}}{h{h}{h}}},2
ILLTC<i>SLN{n{n{h{h{n}}{h{h}{h}}}}}DSATEVTGHR,ILLTC<i>SLN{n{n{h{h{h}{h}}}}}DSATEVTGHR,0,0,1,1521.18485973,-y-{h{n}},2
ILLTC<i>SLN{n{n{h{h{n}}{h{h}{h}}}}}DSATEVTGHR,ILLTC<i>SLN{n{n{h{h}{h{h}{h}}}}}DSATEVTGHR,0,0,1,1602.21127148,-y-{n},2
ILLTC<i>SLN{n{n{h{h{n}}{h{h}{h}}}}}DSATEVTGHR,ILLTC<i>SLN{n{n{h{h{n}}}}}DSATEVTGHR,0,0,1,1460.67172243,-y-{h{h}{h}},2
ILLTC<i>SLN{n{n{h{h{n}}{h{h}{h}}}}}DSATEVTGHR,ILLTC<i>SLN{n{n{h{h{n}}{h{h}}}}}DSATEVTGHR,0,0,1,1622.72454593,-y-{h},2
ILLTC<i>SLN{n{n{h{h{n}}{h{h}{h}}}}}DSATEVTGHR,{n{n{h{h{n}}{h{h}{h}}}}},0,0,1,710.75894168,-b{n{n{h{h{n}}{h{h}{h}}}}},2
ILLTC<i>SLN{n{n{h{h{n}}{h{h}{h}}}}}DSATEVTGHR,{n{h{h{n}}{h{h}{h}}}},0,0,1,609.21925548,-b{n{h{h{n}}{h{h}{h}}}},2
ILLTC<i>SLN{n{n{h{h{n}}{h{h}{h}}}}}DSATEVTGHR,{h{h{n}}{h{h}{h}}},0,0,1,507.67956928,-b{h{h{n}}{h{h}{h}}},2
ILLTC<i>SLN{n{n{h{h{n}}{h{h}{h}}}}}DSATEVTGHR,{h{n}},0,0,1,183.57392228,-b{h{n}},2
ILLTC<i>SLN{n{n{h{h{n}}{h{h}{h}}}}}DSATEVTGHR,{n},0,0,1,102.54751053,-b{n},2
ILLTC<i>SLN{n{n{h{h{n}}{h{h}{h}}}}}DSATEVTGHR,{h{h}{h}},0,0,1,244.08705958,-b{h{h}{h}},2
ILLTC<i>SLN{n{n{h{h{n}}{h{h}{h}}}}}DSATEVTGHR,{h},0,0,1,82.03423608,-b{h},2
ILLTC<i>SLN{n{n{h{h{n}}{h{h}{h}}}}}DSATEVTGHR,I,0,1,0,57.54985703,b1,2
ILLTC<i>SLN{n{n{h{h{n}}{h{h}{h}}}}}DSATEVTGHR,IL,0,1,0,114.09188903,b2,2
ILLTC<i>SLN{n{n{h{h{n}}{h{h}{h}}}}}DSATEVTGHR,ILL,0,1,0,170.63392103,b3,2
ILLTC<i>SLN{n{n{h{h{n}}{h{h}{h}}}}}DSATEVTGHR,ILLT,0,1,0,221.15776004,b4,2
ILLTC<i>SLN{n{n{h{h{n}}{h{h}{h}}}}}DSATEVTGHR,ILLTC<i>,0,1,0,301.17308289,b5,2
ILLTC<i>SLN{n{n{h{h{n}}{h{h}{h}}}}}DSATEVTGHR,ILLTC<i>S,0,1,0,344.68909699,b6,2
ILLTC<i>SLN{n{n{h{h{n}}{h{h}{h}}}}}DSATEVTGHR,ILLTC<i>SL,0,1,0,401.23112899,b7,2
ILLTC<i>SLN{n{n{h{h{n}}{h{h}{h}}}}}DSATEVTGHR,ILLTC<i>SLN{n{n{h{h{n}}{h{h}{h}}}}},0,1,0,1168.00370914,b8,2
ILLTC<i>SLN{n{n{h{h{n}}{h{h}{h}}}}}DSATEVTGHR,ILLTC<i>SLN{n{n{h{h{n}}{h{h}{h}}}}}D,0,1,0,1225.51718059,b9,2
ILLTC<i>SLN{n{n{h{h{n}}{h{h}{h}}}}}DSATEVTGHR,ILLTC<i>SLN{n{n{h{h{n}}{h{h}{h}}}}}DS,0,1,0,1269.03319468,b10,2
ILLTC<i>SLN{n{n{h{h{n}}{h{h}{h}}}}}DSATEVTGHR,ILLTC<i>SLN{n{n{h{h{n}}{h{h}{h}}}}}DSA,0,1,0,1304.55175148,b11,2
ILLTC<i>SLN{n{n{h{h{n}}{h{h}{h}}}}}DSATEVTGHR,ILLTC<i>SLN{n{n{h{h{n}}{h{h}{h}}}}}DSAT,0,1,0,1355.07559048,b12,2
ILLTC<i>SLN{n{n{h{h{n}}{h{h}{h}}}}}DSATEVTGHR,ILLTC<i>SLN{n{n{h{h{n}}{h{h}{h}}}}}DSATE,0,1,0,1419.59688693,b13,2
ILLTC<i>SLN{n{n{h{h{n}}{h{h}{h}}}}}DSATEVTGHR,ILLTC<i>SLN{n{n{h{h{n}}{h{h}{h}}}}}DSATEV,0,1,0,1469.13109378,b14,2
ILLTC<i>SLN{n{n{h{h{n}}{h{h}{h}}}}}DSATEVTGHR,ILLTC<i>SLN{n{n{h{h{n}}{h{h}{h}}}}}DSATEVT,0,1,0,1519.65493278,b15,2
ILLTC<i>SLN{n{n{h{h{n}}{h{h}{h}}}}}DSATEVTGHR,ILLTC<i>SLN{n{n{h{h{n}}{h{h}{h}}}}}DSATEVTG,0,1,0,1548.16566453,b16,2
ILLTC<i>SLN{n{n{h{h{n}}{h{h}{h}}}}}DSATEVTGHR,ILLTC<i>SLN{n{n{h{h{n}}{h{h}{h}}}}}DSATEVTGH,0,1,0,1616.69512019,b17,2
ILLTC<i>SLN{n{n{h{h{n}}{h{h}{h}}}}}DSATEVTGHR,ILLTC<i>SLN,0,1,1,458.25259249,b8,2
ILLTC<i>SLN{n{n{h{h{n}}{h{h}{h}}}}}DSATEVTGHR,ILLTC<i>SLND,0,1,1,515.76606394,b9,2
ILLTC<i>SLN{n{n{h{h{n}}{h{h}{h}}}}}DSATEVTGHR,ILLTC<i>SLNDS,0,1,1,559.28207803,b10,2
ILLTC<i>SLN{n{n{h{h{n}}{h{h}{h}}}}}DSATEVTGHR,ILLTC<i>SLNDSA,0,1,1,594.80063483,b11,2
ILLTC<i>SLN{n{n{h{h{n}}{h{h}{h}}}}}DSATEVTGHR,ILLTC<i>SLNDSAT,0,1,1,645.32447383,b12,2
ILLTC<i>SLN{n{n{h{h{n}}{h{h}{h}}}}}DSATEVTGHR,ILLTC<i>SLNDSATE,0,1,1,709.84577028,b13,2
ILLTC<i>SLN{n{n{h{h{n}}{h{h}{h}}}}}DSATEVTGHR,ILLTC<i>SLNDSATEV,0,1,1,759.37997713,b14,2
ILLTC<i>SLN{n{n{h{h{n}}{h{h}{h}}}}}DSATEVTGHR,ILLTC<i>SLNDSATEVT,0,1,1,809.90381613,b15,2
ILLTC<i>SLN{n{n{h{h{n}}{h{h}{h}}}}}DSATEVTGHR,ILLTC<i>SLNDSATEVTG,0,1,1,838.41454788,b16,2
ILLTC<i>SLN{n{n{h{h{n}}{h{h}{h}}}}}DSATEVTGHR,ILLTC<i>SLNDSATEVTGH,0,1,1,906.94400353,b17,2
ILLTC<i>SLN{n{n{h{h{n}}{h{h}{h}}}}}DSATEVTGHR,ILLTC<i>SLN{n},0,1,1,559.79227799,b8,2
ILLTC<i>SLN{n{n{h{h{n}}{h{h}{h}}}}}DSATEVTGHR,ILLTC<i>SLN{n}D,0,1,1,617.30574944,b9,2
ILLTC<i>SLN{n{n{h{h{n}}{h{h}{h}}}}}DSATEVTGHR,ILLTC<i>SLN{n}DS,0,1,1,660.82176353,b10,2
ILLTC<i>SLN{n{n{h{h{n}}{h{h}{h}}}}}DSATEVTGHR,ILLTC<i>SLN{n}DSA,0,1,1,696.34032033,b11,2
ILLTC<i>SLN{n{n{h{h{n}}{h{h}{h}}}}}DSATEVTGHR,ILLTC<i>SLN{n}DSAT,0,1,1,746.86415933,b12,2
ILLTC<i>SLN{n{n{h{h{n}}{h{h}{h}}}}}DSATEVTGHR,ILLTC<i>SLN{n}DSATE,0,1,1,811.38545578,b13,2
ILLTC<i>SLN{n{n{h{h{n}}{h{h}{h}}}}}DSATEVTGHR,ILLTC<i>SLN{n}DSATEV,0,1,1,860.91966263,b14,2
ILLTC<i>SLN{n{n{h{h{n}}{h{h}{h}}}}}DSATEVTGHR,ILLTC<i>SLN{n}DSATEVT,0,1,1,911.44350163,b15,2
ILLTC<i>SLN{n{n{h{h{n}}{h{h}{h}}}}}DSATEVTGHR,ILLTC<i>SLN{n}DSATEVTG,0,1,1,939.95423338,b16,2
ILLTC<i>SLN{n{n{h{h{n}}{h{h}{h}}}}}DSATEVTGHR,ILLTC<i>SLN{n}DSATEVTGH,0,1,1,1008.48368903,b17,2
ILLTC<i>SLN{n{n{h{h{n}}{h{h}{h}}}}}DSATEVTGHR,ILLTC<i>SLN{n{n}},0,1,1,661.33196419,b8,2
ILLTC<i>SLN{n{n{h{h{n}}{h{h}{h}}}}}DSATEVTGHR,ILLTC<i>SLN{n{n}}D,0,1,1,718.84543564,b9,2
ILLTC<i>SLN{n{n{h{h{n}}{h{h}{h}}}}}DSATEVTGHR,ILLTC<i>SLN{n{n}}DS,0,1,1,762.36144973,b10,2
ILLTC<i>SLN{n{n{h{h{n}}{h{h}{h}}}}}DSATEVTGHR,ILLTC<i>SLN{n{n}}DSA,0,1,1,797.88000653,b11,2
ILLTC<i>SLN{n{n{h{h{n}}{h{h}{h}}}}}DSATEVTGHR,ILLTC<i>SLN{n{n}}DSAT,0,1,1,848.40384553,b12,2
ILLTC<i>SLN{n{n{h{h{n}}{h{h}{h}}}}}DSATEVTGHR,ILLTC<i>SLN{n{n}}DSATE,0,1,1,912.92514198,b13,2
ILLTC<i>SLN{n{n{h{h{n}}{h{h}{h}}}}}DSATEVTGHR,ILLTC<i>SLN{n{n}}DSATEV,0,1,1,962.45934883,b14,2
ILLTC<i>SLN{n{n{h{h{n}}{h{h}{h}}}}}DSATEVTGHR,ILLTC<i>SLN{n{n}}DSATEVT,0,1,1,1012.98318783,b15,2
ILLTC<i>SLN{n{n{h{h{n}}{h{h}{h}}}}}DSATEVTGHR,ILLTC<i>SLN{n{n}}DSATEVTG,0,1,1,1041.49391958,b16,2
ILLTC<i>SLN{n{n{h{h{n}}{h{h}{h}}}}}DSATEVTGHR,ILLTC<i>SLN{n{n}}DSATEVTGH,0,1,1,1110.02337523,b17,2
ILLTC<i>SLN{n{n{h{h{n}}{h{h}{h}}}}}DSATEVTGHR,ILLTC<i>SLN{n{n{h{h{h}{h}}}}},0,1,1,985.43761119,b8,2
ILLTC<i>SLN{n{n{h{h{n}}{h{h}{h}}}}}DSATEVTGHR,ILLTC<i>SLN{n{n{h{h{h}{h}}}}}D,0,1,1,1042.95108263,b9,2
ILLTC<i>SLN{n{n{h{h{n}}{h{h}{h}}}}}DSATEVTGHR,ILLTC<i>SLN{n{n{h{h{h}{h}}}}}DS,0,1,1,1086.46709674,b10,2
ILLTC<i>SLN{n{n{h{h{n}}{h{h}{h}}}}}DSATEVTGHR,ILLTC<i>SLN{n{n{h{h{h}{h}}}}}DSA,0,1,1,1121.98565353,b11,2
ILLTC<i>SLN{n{n{h{h{n}}{h{h}{h}}}}}DSATEVTGHR,ILLTC<i>SLN{n{n{h{h{h}{h}}}}}DSAT,0,1,1,1172.50949253,b12,2
ILLTC<i>SLN{n{n{h{h{n}}{h{h}{h}}}}}DSATEVTGHR,ILLTC<i>SLN{n{n{h{h{h}{h}}}}}DSATE,0,1,1,1237.03078898,b13,2
ILLTC<i>SLN{n{n{h{h{n}}{h{h}{h}}}}}DSATEVTGHR,ILLTC<i>SLN{n{n{h{h{h}{h}}}}}DSATEV,0,1,1,1286.56499583,b14,2
ILLTC<i>SLN{n{n{h{h{n}}{h{h}{h}}}}}DSATEVTGHR,ILLTC<i>SLN{n{n{h{h{h}{h}}}}}DSATEVT,0,1,1,1337.08883483,b15,2
ILLTC<i>SLN{n{n{h{h{n}}{h{h}{h}}}}}DSATEVTGHR,ILLTC<i>SLN{n{n{h{h{h}{h}}}}}DSATEVTG,0,1,1,1365.59956658,b16,2
ILLTC<i>SLN{n{n{h{h{n}}{h{h}{h}}}}}DSATEVTGHR,ILLTC<i>SLN{n{n{h{h{h}{h}}}}}DSATEVTGH,0,1,1,1434.12902223,b17,2
ILLTC<i>SLN{n{n{h{h{n}}{h{h}{h}}}}}DSATEVTGHR,ILLTC<i>SLN{n{n{h{h}{h{h}{h}}}}},0,1,1,1066.46402294,b8,2
ILLTC<i>SLN{n{n{h{h{n}}{h{h}{h}}}}}DSATEVTGHR,ILLTC<i>SLN{n{n{h{h}{h{h}{h}}}}}D,0,1,1,1123.97749439,b9,2
ILLTC<i>SLN{n{n{h{h{n}}{h{h}{h}}}}}DSATEVTGHR,ILLTC<i>SLN{n{n{h{h}{h{h}{h}}}}}DS,0,1,1,1167.49350848,b10,2
ILLTC<i>SLN{n{n{h{h{n}}{h{h}{h}}}}}DSATEVTGHR,ILLTC<i>SLN{n{n{h{h}{h{h}{h}}}}}DSA,0,1,1,1203.01206528,b11,2
ILLTC<i>SLN{n{n{h{h{n}}{h{h}{h}}}}}DSATEVTGHR,ILLTC<i>SLN{n{n{h{h}{h{h}{h}}}}}DSAT,0,1,1,1253.53590428,b12,2
ILLTC<i>SLN{n{n{h{h{n}}{h{h}{h}}}}}DSATEVTGHR,ILLTC<i>SLN{n{n{h{h}{h{h}{h}}}}}DSATE,0,1,1,1318.05720073,b13,2
ILLTC<i>SLN{n{n{h{h{n}}{h{h}{h}}}}}DSATEVTGHR,ILLTC<i>SLN{n{n{h{h}{h{h}{h}}}}}DSATEV,0,1,1,1367.59140758,b14,2
ILLTC<i>SLN{n{n{h{h{n}}{h{h}{h}}}}}DSATEVTGHR,ILLTC<i>SLN{n{n{h{h}{h{h}{h}}}}}DSATEVT,0,1,1,1418.11524658,b15,2
ILLTC<i>SLN{n{n{h{h{n}}{h{h}{h}}}}}DSATEVTGHR,ILLTC<i>SLN{n{n{h{h}{h{h}{h}}}}}DSATEVTG,0,1,1,1446.62597833,b16,2
ILLTC<i>SLN{n{n{h{h{n}}{h{h}{h}}}}}DSATEVTGHR,ILLTC<i>SLN{n{n{h{h}{h{h}{h}}}}}DSATEVTGH,0,1,1,1515.15543398,b17,2
ILLTC<i>SLN{n{n{h{h{n}}{h{h}{h}}}}}DSATEVTGHR,ILLTC<i>SLN{n{n{h{h{n}}}}},0,1,1,924.92447389,b8,2
ILLTC<i>SLN{n{n{h{h{n}}{h{h}{h}}}}}DSATEVTGHR,ILLTC<i>SLN{n{n{h{h{n}}}}}D,0,1,1,982.43794533,b9,2
ILLTC<i>SLN{n{n{h{h{n}}{h{h}{h}}}}}DSATEVTGHR,ILLTC<i>SLN{n{n{h{h{n}}}}}DS,0,1,1,1025.95395943,b10,2
ILLTC<i>SLN{n{n{h{h{n}}{h{h}{h}}}}}DSATEVTGHR,ILLTC<i>SLN{n{n{h{h{n}}}}}DSA,0,1,1,1061.47251623,b11,2
ILLTC<i>SLN{n{n{h{h{n}}{h{h}{h}}}}}DSATEVTGHR,ILLTC<i>SLN{n{n{h{h{n}}}}}DSAT,0,1,1,1111.99635523,b12,2
ILLTC<i>SLN{n{n{h{h{n}}{h{h}{h}}}}}DSATEVTGHR,ILLTC<i>SLN{n{n{h{h{n}}}}}DSATE,0,1,1,1176.51765168,b13,2
ILLTC<i>SLN{n{n{h{h{n}}{h{h}{h}}}}}DSATEVTGHR,ILLTC<i>SLN{n{n{h{h{n}}}}}DSATEV,0,1,1,1226.05185853,b14,2
ILLTC<i>SLN{n{n{h{h{n}}{h{h}{h}}}}}DSATEVTGHR,ILLTC<i>SLN{n{n{h{h{n}}}}}DSATEVT,0,1,1,1276.57569753,b15,2
ILLTC<i>SLN{n{n{h{h{n}}{h{h}{h}}}}}DSATEVTGHR,ILLTC<i>SLN{n{n{h{h{n}}}}}DSATEVTG,0,1,1,1305.08642928,b16,2
ILLTC<i>SLN{n{n{h{h{n}}{h{h}{h}}}}}DSATEVTGHR,ILLTC<i>SLN{n{n{h{h{n}}}}}DSATEVTGH,0,1,1,1373.61588493,b17,2
ILLTC<i>SLN{n{n{h{h{n}}{h{h}{h}}}}}DSATEVTGHR,ILLTC<i>SLN{n{n{h{h{n}}{h{h}}}}},0,1,1,1086.97729739,b8,2
ILLTC<i>SLN{n{n{h{h{n}}{h{h}{h}}}}}DSATEVTGHR,ILLTC<i>SLN{n{n{h{h{n}}{h{h}}}}}D,0,1,1,1144.49076884,b9,2
ILLTC<i>SLN{n{n{h{h{n}}{h{h}{h}}}}}DSATEVTGHR,ILLTC<i>SLN{n{n{h{h{n}}{h{h}}}}}DS,0,1,1,1188.00678293,b10,2
ILLTC<i>SLN{n{n{h{h{n}}{h{h}{h}}}}}DSATEVTGHR,ILLTC<i>SLN{n{n{h{h{n}}{h{h}}}}}DSA,0,1,1,1223.52533974,b11,2
ILLTC<i>SLN{n{n{h{h{n}}{h{h}{h}}}}}DSATEVTGHR,ILLTC<i>SLN{n{n{h{h{n}}{h{h}}}}}DSAT,0,1,1,1274.04917873,b12,2
ILLTC<i>SLN{n{n{h{h{n}}{h{h}{h}}}}}DSATEVTGHR,ILLTC<i>SLN{n{n{h{h{n}}{h{h}}}}}DSATE,0,1,1,1338.57047518,b13,2
ILLTC<i>SLN{n{n{h{h{n}}{h{h}{h}}}}}DSATEVTGHR,ILLTC<i>SLN{n{n{h{h{n}}{h{h}}}}}DSATEV,0,1,1,1388.10468204,b14,2
ILLTC<i>SLN{n{n{h{h{n}}{h{h}{h}}}}}DSATEVTGHR,ILLTC<i>SLN{n{n{h{h{n}}{h{h}}}}}DSATEVT,0,1,1,1438.62852103,b15,2
ILLTC<i>SLN{n{n{h{h{n}}{h{h}{h}}}}}DSATEVTGHR,ILLTC<i>SLN{n{n{h{h{n}}{h{h}}}}}DSATEVTG,0,1,1,1467.13925278,b16,2
ILLTC<i>SLN{n{n{h{h{n}}{h{h}{h}}}}}DSATEVTGHR,ILLTC<i>SLN{n{n{h{h{n}}{h{h}}}}}DSATEVTGH,0,1,1,1535.66870843,b17,2
ILLTC<i>SLN{n{n{h{h{n}}{h{h}{h}}}}}DSATEVTGHR,I,0,1,0,66.06313159,c1,2
ILLTC<i>SLN{n{n{h{h{n}}{h{h}{h}}}}}DSATEVTGHR,IL,0,1,0,122.60516359,c2,2
ILLTC<i>SLN{n{n{h{h{n}}{h{h}{h}}}}}DSATEVTGHR,ILL,0,1,0,179.14719559,c3,2
ILLTC<i>SLN{n{n{h{h{n}}{h{h}{h}}}}}DSATEVTGHR,ILLT,0,1,0,229.67103459,c4,2
ILLTC<i>SLN{n{n{h{h{n}}{h{h}{h}}}}}DSATEVTGHR,ILLTC<i>,0,1,0,309.68635744,c5,2
ILLTC<i>SLN{n{n{h{h{n}}{h{h}{h}}}}}DSATEVTGHR,ILLTC<i>S,0,1,0,353.20237154,c6,2
ILLTC<i>SLN{n{n{h{h{n}}{h{h}{h}}}}}DSATEVTGHR,ILLTC<i>SL,0,1,0,409.74440354,c7,2
ILLTC<i>SLN{n{n{h{h{n}}{h{h}{h}}}}}DSATEVTGHR,ILLTC<i>SLN{n{n{h{h{n}}{h{h}{h}}}}},0,1,0,1176.51698369,c8,2
ILLTC<i>SLN{n{n{h{h{n}}{h{h}{h}}}}}DSATEVTGHR,ILLTC<i>SLN{n{n{h{h{n}}{h{h}{h}}}}}D,0,1,0,1234.03045514,c9,2
ILLTC<i>SLN{n{n{h{h{n}}{h{h}{h}}}}}DSATEVTGHR,ILLTC<i>SLN{n{n{h{h{n}}{h{h}{h}}}}}DS,0,1,0,1277.54646924,c10,2
ILLTC<i>SLN{n{n{h{h{n}}{h{h}{h}}}}}DSATEVTGHR,ILLTC<i>SLN{n{n{h{h{n}}{h{h}{h}}}}}DSA,0,1,0,1313.06502604,c11,2
ILLTC<i>SLN{n{n{h{h{n}}{h{h}{h}}}}}DSATEVTGHR,ILLTC<i>SLN{n{n{h{h{n}}{h{h}{h}}}}}DSAT,0,1,0,1363.58886504,c12,2
ILLTC<i>SLN{n{n{h{h{n}}{h{h}{h}}}}}DSATEVTGHR,ILLTC<i>SLN{n{n{h{h{n}}{h{h}{h}}}}}DSATE,0,1,0,1428.11016149,c13,2
ILLTC<i>SLN{n{n{h{h{n}}{h{h}{h}}}}}DSATEVTGHR,ILLTC<i>SLN{n{n{h{h{n}}{h{h}{h}}}}}DSATEV,0,1,0,1477.64436834,c14,2
ILLTC<i>SLN{n{n{h{h{n}}{h{h}{h}}}}}DSATEVTGHR,ILLTC<i>SLN{n{n{h{h{n}}{h{h}{h}}}}}DSATEVT,0,1,0,1528.16820734,c15,2
ILLTC<i>SLN{n{n{h{h{n}}{h{h}{h}}}}}DSATEVTGHR,ILLTC<i>SLN{n{n{h{h{n}}{h{h}{h}}}}}DSATEVTG,0,1,0,1556.67893909,c16,2
ILLTC<i>SLN{n{n{h{h{n}}{h{h}{h}}}}}DSATEVTGHR,ILLTC<i>SLN{n{n{h{h{n}}{h{h}{h}}}}}DSATEVTGH,0,1,0,1625.20839474,c17,2
ILLTC<i>SLN{n{n{h{h{n}}{h{h}{h}}}}}DSATEVTGHR,ILLTC<i>SLN,0,1,1,466.76586704,c8,2
ILLTC<i>SLN{n{n{h{h{n}}{h{h}{h}}}}}DSATEVTGHR,ILLTC<i>SLND,0,1,1,524.27933849,c9,2
ILLTC<i>SLN{n{n{h{h{n}}{h{h}{h}}}}}DSATEVTGHR,ILLTC<i>SLNDS,0,1,1,567.79535259,c10,2
ILLTC<i>SLN{n{n{h{h{n}}{h{h}{h}}}}}DSATEVTGHR,ILLTC<i>SLNDSA,0,1,1,603.31390939,c11,2
ILLTC<i>SLN{n{n{h{h{n}}{h{h}{h}}}}}DSATEVTGHR,ILLTC<i>SLNDSAT,0,1,1,653.83774839,c12,2
ILLTC<i>SLN{n{n{h{h{n}}{h{h}{h}}}}}DSATEVTGHR,ILLTC<i>SLNDSATE,0,1,1,718.35904484,c13,2
ILLTC<i>SLN{n{n{h{h{n}}{h{h}{h}}}}}DSATEVTGHR,ILLTC<i>SLNDSATEV,0,1,1,767.89325169,c14,2
ILLTC<i>SLN{n{n{h{h{n}}{h{h}{h}}}}}DSATEVTGHR,ILLTC<i>SLNDSATEVT,0,1,1,818.41709069,c15,2
ILLTC<i>SLN{n{n{h{h{n}}{h{h}{h}}}}}DSATEVTGHR,ILLTC<i>SLNDSATEVTG,0,1,1,846.92782244,c16,2
ILLTC<i>SLN{n{n{h{h{n}}{h{h}{h}}}}}DSATEVTGHR,ILLTC<i>SLNDSATEVTGH,0,1,1,915.45727809,c17,2
ILLTC<i>SLN{n{n{h{h{n}}{h{h}{h}}}}}DSATEVTGHR,ILLTC<i>SLN{n},0,1,1,568.30555254,c8,2
ILLTC<i>SLN{n{n{h{h{n}}{h{h}{h}}}}}DSATEVTGHR,ILLTC<i>SLN{n}D,0,1,1,625.81902399,c9,2
ILLTC<i>SLN{n{n{h{h{n}}{h{h}{h}}}}}DSATEVTGHR,ILLTC<i>SLN{n}DS,0,1,1,669.33503809,c10,2
ILLTC<i>SLN{n{n{h{h{n}}{h{h}{h}}}}}DSATEVTGHR,ILLTC<i>SLN{n}DSA,0,1,1,704.85359489,c11,2
ILLTC<i>SLN{n{n{h{h{n}}{h{h}{h}}}}}DSATEVTGHR,ILLTC<i>SLN{n}DSAT,0,1,1,755.37743389,c12,2
ILLTC<i>SLN{n{n{h{h{n}}{h{h}{h}}}}}DSATEVTGHR,ILLTC<i>SLN{n}DSATE,0,1,1,819.89873034,c13,2
ILLTC<i>SLN{n{n{h{h{n}}{h{h}{h}}}}}DSATEVTGHR,ILLTC<i>SLN{n}DSATEV,0,1,1,869.43293719,c14,2
ILLTC<i>SLN{n{n{h{h{n}}{h{h}{h}}}}}DSATEVTGHR,ILLTC<i>SLN{n}DSATEVT,0,1,1,919.95677619,c15,2
ILLTC<i>SLN{n{n{h{h{n}}{h{h}{h}}}}}DSATEVTGHR,ILLTC<i>SLN{n}DSATEVTG,0,1,1,948.46750794,c16,2
ILLTC<i>SLN{n{n{h{h{n}}{h{h}{h}}}}}DSATEVTGHR,ILLTC<i>SLN{n}DSATEVTGH,0,1,1,1016.99696359,c17,2
ILLTC<i>SLN{n{n{h{h{n}}{h{h}{h}}}}}DSATEVTGHR,ILLTC<i>SLN{n{n}},0,1,1,669.84523874,c8,2
ILLTC<i>SLN{n{n{h{h{n}}{h{h}{h}}}}}DSATEVTGHR,ILLTC<i>SLN{n{n}}D,0,1,1,727.35871019,c9,2
ILLTC<i>SLN{n{n{h{h{n}}{h{h}{h}}}}}DSATEVTGHR,ILLTC<i>SLN{n{n}}DS,0,1,1,770.87472429,c10,2
ILLTC<i>SLN{n{n{h{h{n}}{h{h}{h}}}}}DSATEVTGHR,ILLTC<i>SLN{n{n}}DSA,0,1,1,806.39328109,c11,2
ILLTC<i>SLN{n{n{h{h{n}}{h{h}{h}}}}}DSATEVTGHR,ILLTC<i>SLN{n{n}}DSAT,0,1,1,856.91712009,c12,2
ILLTC<i>SLN{n{n{h{h{n}}{h{h}{h}}}}}DSATEVTGHR,ILLTC<i>SLN{n{n}}DSATE,0,1,1,921.43841654,c13,2
ILLTC<i>SLN{n{n{h{h{n}}{h{h}{h}}}}}DSATEVTGHR,ILLTC<i>SLN{n{n}}DSATEV,0,1,1,970.97262339,c14,2
ILLTC<i>SLN{n{n{h{h{n}}{h{h}{h}}}}}DSATEVTGHR,ILLTC<i>SLN{n{n}}DSATEVT,0,1,1,1021.49646239,c15,2
ILLTC<i>SLN{n{n{h{h{n}}{h{h}{h}}}}}DSATEVTGHR,ILLTC<i>SLN{n{n}}DSATEVTG,0,1,1,1050.00719414,c16,2
ILLTC<i>SLN{n{n{h{h{n}}{h{h}{h}}}}}DSATEVTGHR,ILLTC<i>SLN{n{n}}DSATEVTGH,0,1,1,1118.53664979,c17,2
ILLTC<i>SLN{n{n{h{h{n}}{h{h}{h}}}}}DSATEVTGHR,ILLTC<i>SLN{n{n{h{h{h}{h}}}}},0,1,1,993.95088574,c8,2
ILLTC<i>SLN{n{n{h{h{n}}{h{h}{h}}}}}DSATEVTGHR,ILLTC<i>SLN{n{n{h{h{h}{h}}}}}D,0,1,1,1051.46435719,c9,2
ILLTC<i>SLN{n{n{h{h{n}}{h{h}{h}}}}}DSATEVTGHR,ILLTC<i>SLN{n{n{h{h{h}{h}}}}}DS,0,1,1,1094.98037129,c10,2
ILLTC<i>SLN{n{n{h{h{n}}{h{h}{h}}}}}DSATEVTGHR,ILLTC<i>SLN{n{n{h{h{h}{h}}}}}DSA,0,1,1,1130.49892809,c11,2
ILLTC<i>SLN{n{n{h{h{n}}{h{h}{h}}}}}DSATEVTGHR,ILLTC<i>SLN{n{n{h{h{h}{h}}}}}DSAT,0,1,1,1181.02276709,c12,2
ILLTC<i>SLN{n{n{h{h{n}}{h{h}{h}}}}}DSATEVTGHR,ILLTC<i>SLN{n{n{h{h{h}{h}}}}}DSATE,0,1,1,1245.54406354,c13,2
ILLTC<i>SLN{n{n{h{h{n}}{h{h}{h}}}}}DSATEVTGHR,ILLTC<i>SLN{n{n{h{h{h}{h}}}}}DSATEV,0,1,1,1295.07827039,c14,2
ILLTC<i>SLN{n{n{h{h{n}}{h{h}{h}}}}}DSATEVTGHR,ILLTC<i>SLN{n{n{h{h{h}{h}}}}}DSATEVT,0,1,1,1345.60210939,c15,2
ILLTC<i>SLN{n{n{h{h{n}}{h{h}{h}}}}}DSATEVTGHR,ILLTC<i>SLN{n{n{h{h{h}{h}}}}}DSATEVTG,0,1,1,1374.11284114,c16,2
ILLTC<i>SLN{n{n{h{h{n}}{h{h}{h}}}}}DSATEVTGHR,ILLTC<i>SLN{n{n{h{h{h}{h}}}}}DSATEVTGH,0,1,1,1442.64229679,c17,2
ILLTC<i>SLN{n{n{h{h{n}}{h{h}{h}}}}}DSATEVTGHR,ILLTC<i>SLN{n{n{h{h}{h{h}{h}}}}},0,1,1,1074.97729749,c8,2
ILLTC<i>SLN{n{n{h{h{n}}{h{h}{h}}}}}DSATEVTGHR,ILLTC<i>SLN{n{n{h{h}{h{h}{h}}}}}D,0,1,1,1132.49076894,c9,2
ILLTC<i>SLN{n{n{h{h{n}}{h{h}{h}}}}}DSATEVTGHR,ILLTC<i>SLN{n{n{h{h}{h{h}{h}}}}}DS,0,1,1,1176.00678304,c10,2
ILLTC<i>SLN{n{n{h{h{n}}{h{h}{h}}}}}DSATEVTGHR,ILLTC<i>SLN{n{n{h{h}{h{h}{h}}}}}DSA,0,1,1,1211.52533984,c11,2
ILLTC<i>SLN{n{n{h{h{n}}{h{h}{h}}}}}DSATEVTGHR,ILLTC<i>SLN{n{n{h{h}{h{h}{h}}}}}DSAT,0,1,1,1262.04917884,c12,2
ILLTC<i>SLN{n{n{h{h{n}}{h{h}{h}}}}}DSATEVTGHR,ILLTC<i>SLN{n{n{h{h}{h{h}{h}}}}}DSATE,0,1,1,1326.57047529,c13,2
ILLTC<i>SLN{n{n{h{h{n}}{h{h}{h}}}}}DSATEVTGHR,ILLTC<i>SLN{n{n{h{h}{h{h}{h}}}}}DSATEV,0,1,1,1376.10468214,c14,2
ILLTC<i>SLN{n{n{h{h{n}}{h{h}{h}}}}}DSATEVTGHR,ILLTC<i>SLN{n{n{h{h}{h{h}{h}}}}}DSATEVT,0,1,1,1426.62852114,c15,2
ILLTC<i>SLN{n{n{h{h{n}}{h{h}{h}}}}}DSATEVTGHR,ILLTC<i>SLN{n{n{h{h}{h{h}{h}}}}}DSATEVTG,0,1,1,1455.13925289,c16,2
ILLTC<i>SLN{n{n{h{h{n}}{h{h}{h}}}}}DSATEVTGHR,ILLTC<i>SLN{n{n{h{h}{h{h}{h}}}}}DSATEVTGH,0,1,1,1523.66870854,c17,2
ILLTC<i>SLN{n{n{h{h{n}}{h{h}{h}}}}}DSATEVTGHR,ILLTC<i>SLN{n{n{h{h{n}}}}},0,1,1,933.43774844,c8,2
ILLTC<i>SLN{n{n{h{h{n}}{h{h}{h}}}}}DSATEVTGHR,ILLTC<i>SLN{n{n{h{h{n}}}}}D,0,1,1,990.95121989,c9,2
ILLTC<i>SLN{n{n{h{h{n}}{h{h}{h}}}}}DSATEVTGHR,ILLTC<i>SLN{n{n{h{h{n}}}}}DS,0,1,1,1034.46723399,c10,2
ILLTC<i>SLN{n{n{h{h{n}}{h{h}{h}}}}}DSATEVTGHR,ILLTC<i>SLN{n{n{h{h{n}}}}}DSA,0,1,1,1069.98579079,c11,2
ILLTC<i>SLN{n{n{h{h{n}}{h{h}{h}}}}}DSATEVTGHR,ILLTC<i>SLN{n{n{h{h{n}}}}}DSAT,0,1,1,1120.50962979,c12,2
ILLTC<i>SLN{n{n{h{h{n}}{h{h}{h}}}}}DSATEVTGHR,ILLTC<i>SLN{n{n{h{h{n}}}}}DSATE,0,1,1,1185.03092624,c13,2
ILLTC<i>SLN{n{n{h{h{n}}{h{h}{h}}}}}DSATEVTGHR,ILLTC<i>SLN{n{n{h{h{n}}}}}DSATEV,0,1,1,1234.56513309,c14,2
ILLTC<i>SLN{n{n{h{h{n}}{h{h}{h}}}}}DSATEVTGHR,ILLTC<i>SLN{n{n{h{h{n}}}}}DSATEVT,0,1,1,1285.08897209,c15,2
ILLTC<i>SLN{n{n{h{h{n}}{h{h}{h}}}}}DSATEVTGHR,ILLTC<i>SLN{n{n{h{h{n}}}}}DSATEVTG,0,1,1,1313.59970384,c16,2
ILLTC<i>SLN{n{n{h{h{n}}{h{h}{h}}}}}DSATEVTGHR,ILLTC<i>SLN{n{n{h{h{n}}}}}DSATEVTGH,0,1,1,1382.12915949,c17,2
ILLTC<i>SLN{n{n{h{h{n}}{h{h}{h}}}}}DSATEVTGHR,ILLTC<i>SLN{n{n{h{h{n}}{h{h}}}}},0,1,1,1095.49057194,c8,2
ILLTC<i>SLN{n{n{h{h{n}}{h{h}{h}}}}}DSATEVTGHR,ILLTC<i>SLN{n{n{h{h{n}}{h{h}}}}}D,0,1,1,1153.00404339,c9,2
ILLTC<i>SLN{n{n{h{h{n}}{h{h}{h}}}}}DSATEVTGHR,ILLTC<i>SLN{n{n{h{h{n}}{h{h}}}}}DS,0,1,1,1196.52005749,c10,2
ILLTC<i>SLN{n{n{h{h{n}}{h{h}{h}}}}}DSATEVTGHR,ILLTC<i>SLN{n{n{h{h{n}}{h{h}}}}}DSA,0,1,1,1232.03861429,c11,2
ILLTC<i>SLN{n{n{h{h{n}}{h{h}{h}}}}}DSATEVTGHR,ILLTC<i>SLN{n{n{h{h{n}}{h{h}}}}}DSAT,0,1,1,1282.56245329,c12,2
ILLTC<i>SLN{n{n{h{h{n}}{h{h}{h}}}}}DSATEVTGHR,ILLTC<i>SLN{n{n{h{h{n}}{h{h}}}}}DSATE,0,1,1,1347.08374974,c13,2
ILLTC<i>SLN{n{n{h{h{n}}{h{h}{h}}}}}DSATEVTGHR,ILLTC<i>SLN{n{n{h{h{n}}{h{h}}}}}DSATEV,0,1,1,1396.61795659,c14,2
ILLTC<i>SLN{n{n{h{h{n}}{h{h}{h}}}}}DSATEVTGHR,ILLTC<i>SLN{n{n{h{h{n}}{h{h}}}}}DSATEVT,0,1,1,1447.14179559,c15,2
ILLTC<i>SLN{n{n{h{h{n}}{h{h}{h}}}}}DSATEVTGHR,ILLTC<i>SLN{n{n{h{h{n}}{h{h}}}}}DSATEVTG,0,1,1,1475.65252734,c16,2
ILLTC<i>SLN{n{n{h{h{n}}{h{h}{h}}}}}DSATEVTGHR,ILLTC<i>SLN{n{n{h{h{n}}{h{h}}}}}DSATEVTGH,0,1,1,1544.18198299,c17,2
ILLTC<i>SLN{n{n{h{h{n}}{h{h}{h}}}}}DSATEVTGHR,LLTC<i>SLN{n{n{h{h{n}}{h{h}{h}}}}}DSATEVTGHR,0,1,0,1647.20892568,y17,2
ILLTC<i>SLN{n{n{h{h{n}}{h{h}{h}}}}}DSATEVTGHR,LTC<i>SLN{n{n{h{h{n}}{h{h}{h}}}}}DSATEVTGHR,0,1,0,1590.66689368,y16,2
ILLTC<i>SLN{n{n{h{h{n}}{h{h}{h}}}}}DSATEVTGHR,TC<i>SLN{n{n{h{h{n}}{h{h}{h}}}}}DSATEVTGHR,0,1,0,1534.12486169,y15,2
ILLTC<i>SLN{n{n{h{h{n}}{h{h}{h}}}}}DSATEVTGHR,C<i>SLN{n{n{h{h{n}}{h{h}{h}}}}}DSATEVTGHR,0,1,0,1483.60102269,y14,2
ILLTC<i>SLN{n{n{h{h{n}}{h{h}{h}}}}}DSATEVTGHR,SLN{n{n{h{h{n}}{h{h}{h}}}}}DSATEVTGHR,0,1,0,1403.58569984,y13,2
ILLTC<i>SLN{n{n{h{h{n}}{h{h}{h}}}}}DSATEVTGHR,LN{n{n{h{h{n}}{h{h}{h}}}}}DSATEVTGHR,0,1,0,1360.06968574,y12,2
ILLTC<i>SLN{n{n{h{h{n}}{h{h}{h}}}}}DSATEVTGHR,N{n{n{h{h{n}}{h{h}{h}}}}}DSATEVTGHR,0,1,0,1303.52765373,y11,2
ILLTC<i>SLN{n{n{h{h{n}}{h{h}{h}}}}}DSATEVTGHR,DSATEVTGHR,0,1,0,536.75507358,y10,2
ILLTC<i>SLN{n{n{h{h{n}}{h{h}{h}}}}}DSATEVTGHR,SATEVTGHR,0,1,0,479.24160213,y9,2
ILLTC<i>SLN{n{n{h{h{n}}{h{h}{h}}}}}DSATEVTGHR,ATEVTGHR,0,1,0,435.72558803,y8,2
ILLTC<i>SLN{n{n{h{h{n}}{h{h}{h}}}}}DSATEVTGHR,TEVTGHR,0,1,0,400.20703123,y7,2
ILLTC<i>SLN{n{n{h{h{n}}{h{h}{h}}}}}DSATEVTGHR,EVTGHR,0,1,0,349.68319223,y6,2
ILLTC<i>SLN{n{n{h{h{n}}{h{h}{h}}}}}DSATEVTGHR,VTGHR,0,1,0,285.16189579,y5,2
ILLTC<i>SLN{n{n{h{h{n}}{h{h}{h}}}}}DSATEVTGHR,TGHR,0,1,0,235.62768893,y4,2
ILLTC<i>SLN{n{n{h{h{n}}{h{h}{h}}}}}DSATEVTGHR,GHR,0,1,0,185.10384994,y3,2
ILLTC<i>SLN{n{n{h{h{n}}{h{h}{h}}}}}DSATEVTGHR,HR,0,1,0,156.59311818,y2,2
ILLTC<i>SLN{n{n{h{h{n}}{h{h}{h}}}}}DSATEVTGHR,R,0,1,0,88.06366253,y1,2
ILLTC<i>SLN{n{n{h{h{n}}{h{h}{h}}}}}DSATEVTGHR,LLTC<i>SLNDSATEVTGHR,0,1,1,937.45780903,y17,2
ILLTC<i>SLN{n{n{h{h{n}}{h{h}{h}}}}}DSATEVTGHR,LTC<i>SLNDSATEVTGHR,0,1,1,880.91577704,y16,2
ILLTC<i>SLN{n{n{h{h{n}}{h{h}{h}}}}}DSATEVTGHR,TC<i>SLNDSATEVTGHR,0,1,1,824.37374504,y15,2
ILLTC<i>SLN{n{n{h{h{n}}{h{h}{h}}}}}DSATEVTGHR,C<i>SLNDSATEVTGHR,0,1,1,773.84990604,y14,2
ILLTC<i>SLN{n{n{h{h{n}}{h{h}{h}}}}}DSATEVTGHR,SLNDSATEVTGHR,0,1,1,693.83458319,y13,2
ILLTC<i>SLN{n{n{h{h{n}}{h{h}{h}}}}}DSATEVTGHR,LNDSATEVTGHR,0,1,1,650.31856909,y12,2
ILLTC<i>SLN{n{n{h{h{n}}{h{h}{h}}}}}DSATEVTGHR,NDSATEVTGHR,0,1,1,593.77653708,y11,2
ILLTC<i>SLN{n{n{h{h{n}}{h{h}{h}}}}}DSATEVTGHR,LLTC<i>SLN{n}DSATEVTGHR,0,1,1,1038.99749454,y17,2
ILLTC<i>SLN{n{n{h{h{n}}{h{h}{h}}}}}DSATEVTGHR,LTC<i>SLN{n}DSATEVTGHR,0,1,1,982.45546254,y16,2
ILLTC<i>SLN{n{n{h{h{n}}{h{h}{h}}}}}DSATEVTGHR,TC<i>SLN{n}DSATEVTGHR,0,1,1,925.91343054,y15,2
ILLTC<i>SLN{n{n{h{h{n}}{h{h}{h}}}}}DSATEVTGHR,C<i>SLN{n}DSATEVTGHR,0,1,1,875.38959154,y14,2
ILLTC<i>SLN{n{n{h{h{n}}{h{h}{h}}}}}DSATEVTGHR,SLN{n}DSATEVTGHR,0,1,1,795.37426869,y13,2
ILLTC<i>SLN{n{n{h{h{n}}{h{h}{h}}}}}DSATEVTGHR,LN{n}DSATEVTGHR,0,1,1,751.85825459,y12,2
ILLTC<i>SLN{n{n{h{h{n}}{h{h}{h}}}}}DSATEVTGHR,N{n}DSATEVTGHR,0,1,1,695.31622258,y11,2
ILLTC<i>SLN{n{n{h{h{n}}{h{h}{h}}}}}DSATEVTGHR,LLTC<i>SLN{n{n}}DSATEVTGHR,0,1,1,1140.53718074,y17,2
ILLTC<i>SLN{n{n{h{h{n}}{h{h}{h}}}}}DSATEVTGHR,LTC<i>SLN{n{n}}DSATEVTGHR,0,1,1,1083.99514873,y16,2
ILLTC<i>SLN{n{n{h{h{n}}{h{h}{h}}}}}DSATEVTGHR,TC<i>SLN{n{n}}DSATEVTGHR,0,1,1,1027.45311674,y15,2
ILLTC<i>SLN{n{n{h{h{n}}{h{h}{h}}}}}DSATEVTGHR,C<i>SLN{n{n}}DSATEVTGHR,0,1,1,976.92927774,y14,2
ILLTC<i>SLN{n{n{h{h{n}}{h{h}{h}}}}}DSATEVTGHR,SLN{n{n}}DSATEVTGHR,0,1,1,896.91395489,y13,2
ILLTC<i>SLN{n{n{h{h{n}}{h{h}{h}}}}}DSATEVTGHR,LN{n{n}}DSATEVTGHR,0,1,1,853.39794079,y12,2
ILLTC<i>SLN{n{n{h{h{n}}{h{h}{h}}}}}DSATEVTGHR,N{n{n}}DSATEVTGHR,0,1,1,796.85590879,y11,2
ILLTC<i>SLN{n{n{h{h{n}}{h{h}{h}}}}}DSATEVTGHR,LLTC<i>SLN{n{n{h{h{h}{h}}}}}DSATEVTGHR,0,1,1,1464.64282773,y17,2
ILLTC<i>SLN{n{n{h{h{n}}{h{h}{h}}}}}DSATEVTGHR,LTC<i>SLN{n{n{h{h{h}{h}}}}}DSATEVTGHR,0,1,1,1408.10079574,y16,2
ILLTC<i>SLN{n{n{h{h{n}}{h{h}{h}}}}}DSATEVTGHR,TC<i>SLN{n{n{h{h{h}{h}}}}}DSATEVTGHR,0,1,1,1351.55876374,y15,2
ILLTC<i>SLN{n{n{h{h{n}}{h{h}{h}}}}}DSATEVTGHR,C<i>SLN{n{n{h{h{h}{h}}}}}DSATEVTGHR,0,1,1,1301.03492474,y14,2
ILLTC<i>SLN{n{n{h{h{n}}{h{h}{h}}}}}DSATEVTGHR,SLN{n{n{h{h{h}{h}}}}}DSATEVTGHR,0,1,1,1221.01960188,y13,2
ILLTC<i>SLN{n{n{h{h{n}}{h{h}{h}}}}}DSATEVTGHR,LN{n{n{h{h{h}{h}}}}}DSATEVTGHR,0,1,1,1177.50358779,y12,2
ILLTC<i>SLN{n{n{h{h{n}}{h{h}{h}}}}}DSATEVTGHR,N{n{n{h{h{h}{h}}}}}DSATEVTGHR,0,1,1,1120.96155579,y11,2
ILLTC<i>SLN{n{n{h{h{n}}{h{h}{h}}}}}DSATEVTGHR,LLTC<i>SLN{n{n{h{h}{h{h}{h}}}}}DSATEVTGHR,0,1,1,1545.66923948,y17,2
ILLTC<i>SLN{n{n{h{h{n}}{h{h}{h}}}}}DSATEVTGHR,LTC<i>SLN{n{n{h{h}{h{h}{h}}}}}DSATEVTGHR,0,1,1,1489.12720749,y16,2
ILLTC<i>SLN{n{n{h{h{n}}{h{h}{h}}}}}DSATEVTGHR,TC<i>SLN{n{n{h{h}{h{h}{h}}}}}DSATEVTGHR,0,1,1,1432.58517549,y15,2
ILLTC<i>SLN{n{n{h{h{n}}{h{h}{h}}}}}DSATEVTGHR,C<i>SLN{n{n{h{h}{h{h}{h}}}}}DSATEVTGHR,0,1,1,1382.06133649,y14,2
ILLTC<i>SLN{n{n{h{h{n}}{h{h}{h}}}}}DSATEVTGHR,SLN{n{n{h{h}{h{h}{h}}}}}DSATEVTGHR,0,1,1,1302.04601364,y13,2
ILLTC<i>SLN{n{n{h{h{n}}{h{h}{h}}}}}DSATEVTGHR,LN{n{n{h{h}{h{h}{h}}}}}DSATEVTGHR,0,1,1,1258.52999953,y12,2
ILLTC<i>SLN{n{n{h{h{n}}{h{h}{h}}}}}DSATEVTGHR,N{n{n{h{h}{h{h}{h}}}}}DSATEVTGHR,0,1,1,1201.98796754,y11,2
ILLTC<i>SLN{n{n{h{h{n}}{h{h}{h}}}}}DSATEVTGHR,LLTC<i>SLN{n{n{h{h{n}}}}}DSATEVTGHR,0,1,1,1404.12969043,y17,2
ILLTC<i>SLN{n{n{h{h{n}}{h{h}{h}}}}}DSATEVTGHR,LTC<i>SLN{n{n{h{h{n}}}}}DSATEVTGHR,0,1,1,1347.58765844,y16,2
ILLTC<i>SLN{n{n{h{h{n}}{h{h}{h}}}}}DSATEVTGHR,TC<i>SLN{n{n{h{h{n}}}}}DSATEVTGHR,0,1,1,1291.04562644,y15,2
ILLTC<i>SLN{n{n{h{h{n}}{h{h}{h}}}}}DSATEVTGHR,C<i>SLN{n{n{h{h{n}}}}}DSATEVTGHR,0,1,1,1240.52178744,y14,2
ILLTC<i>SLN{n{n{h{h{n}}{h{h}{h}}}}}DSATEVTGHR,SLN{n{n{h{h{n}}}}}DSATEVTGHR,0,1,1,1160.50646459,y13,2
ILLTC<i>SLN{n{n{h{h{n}}{h{h}{h}}}}}DSATEVTGHR,LN{n{n{h{h{n}}}}}DSATEVTGHR,0,1,1,1116.99045048,y12,2
ILLTC<i>SLN{n{n{h{h{n}}{h{h}{h}}}}}DSATEVTGHR,N{n{n{h{h{n}}}}}DSATEVTGHR,0,1,1,1060.44841849,y11,2
ILLTC<i>SLN{n{n{h{h{n}}{h{h}{h}}}}}DSATEVTGHR,LLTC<i>SLN{n{n{h{h{n}}{h{h}}}}}DSATEVTGHR,0,1,1,1566.18251394,y17,2
ILLTC<i>SLN{n{n{h{h{n}}{h{h}{h}}}}}DSATEVTGHR,LTC<i>SLN{n{n{h{h{n}}{h{h}}}}}DSATEVTGHR,0,1,1,1509.64048194,y16,2
ILLTC<i>SLN{n{n{h{h{n}}{h{h}{h}}}}}DSATEVTGHR,TC<i>SLN{n{n{h{h{n}}{h{h}}}}}DSATEVTGHR,0,1,1,1453.09844994,y15,2
ILLTC<i>SLN{n{n{h{h{n}}{h{h}{h}}}}}DSATEVTGHR,C<i>SLN{n{n{h{h{n}}{h{h}}}}}DSATEVTGHR,0,1,1,1402.57461094,y14,2
ILLTC<i>SLN{n{n{h{h{n}}{h{h}{h}}}}}DSATEVTGHR,SLN{n{n{h{h{n}}{h{h}}}}}DSATEVTGHR,0,1,1,1322.55928809,y13,2
ILLTC<i>SLN{n{n{h{h{n}}{h{h}{h}}}}}DSATEVTGHR,LN{n{n{h{h{n}}{h{h}}}}}DSATEVTGHR,0,1,1,1279.04327399,y12,2
ILLTC<i>SLN{n{n{h{h{n}}{h{h}{h}}}}}DSATEVTGHR,N{n{n{h{h{n}}{h{h}}}}}DSATEVTGHR,0,1,1,1222.50124199,y11,2
ILLTC<i>SLN{n{n{h{h{n}}{h{h}{h}}}}}DSATEVTGHR,LLTC<i>SLN{n{n{h{h{n}}{h{h}{h}}}}}DSATEVTGHR,0,1,0,1639.19956365,z17,2
ILLTC<i>SLN{n{n{h{h{n}}{h{h}{h}}}}}DSATEVTGHR,LTC<i>SLN{n{n{h{h{n}}{h{h}{h}}}}}DSATEVTGHR,0,1,0,1582.65753165,z16,2
ILLTC<i>SLN{n{n{h{h{n}}{h{h}{h}}}}}DSATEVTGHR,TC<i>SLN{n{n{h{h{n}}{h{h}{h}}}}}DSATEVTGHR,0,1,0,1526.11549965,z15,2
ILLTC<i>SLN{n{n{h{h{n}}{h{h}{h}}}}}DSATEVTGHR,C<i>SLN{n{n{h{h{n}}{h{h}{h}}}}}DSATEVTGHR,0,1,0,1475.59166065,z14,2
ILLTC<i>SLN{n{n{h{h{n}}{h{h}{h}}}}}DSATEVTGHR,SLN{n{n{h{h{n}}{h{h}{h}}}}}DSATEVTGHR,0,1,0,1395.57633780,z13,2
ILLTC<i>SLN{n{n{h{h{n}}{h{h}{h}}}}}DSATEVTGHR,LN{n{n{h{h{n}}{h{h}{h}}}}}DSATEVTGHR,0,1,0,1352.06032370,z12,2
ILLTC<i>SLN{n{n{h{h{n}}{h{h}{h}}}}}DSATEVTGHR,N{n{n{h{h{n}}{h{h}{h}}}}}DSATEVTGHR,0,1,0,1295.51829170,z11,2
ILLTC<i>SLN{n{n{h{h{n}}{h{h}{h}}}}}DSATEVTGHR,DSATEVTGHR,0,1,0,528.74571155,z10,2
ILLTC<i>SLN{n{n{h{h{n}}{h{h}{h}}}}}DSATEVTGHR,SATEVTGHR,0,1,0,471.23224010,z9,2
ILLTC<i>SLN{n{n{h{h{n}}{h{h}{h}}}}}DSATEVTGHR,ATEVTGHR,0,1,0,427.71622600,z8,2
ILLTC<i>SLN{n{n{h{h{n}}{h{h}{h}}}}}DSATEVTGHR,TEVTGHR,0,1,0,392.19766920,z7,2
ILLTC<i>SLN{n{n{h{h{n}}{h{h}{h}}}}}DSATEVTGHR,EVTGHR,0,1,0,341.67383020,z6,2
ILLTC<i>SLN{n{n{h{h{n}}{h{h}{h}}}}}DSATEVTGHR,VTGHR,0,1,0,277.15253375,z5,2
ILLTC<i>SLN{n{n{h{h{n}}{h{h}{h}}}}}DSATEVTGHR,TGHR,0,1,0,227.61832690,z4,2
ILLTC<i>SLN{n{n{h{h{n}}{h{h}{h}}}}}DSATEVTGHR,GHR,0,1,0,177.09448790,z3,2
ILLTC<i>SLN{n{n{h{h{n}}{h{h}{h}}}}}DSATEVTGHR,HR,0,1,0,148.58375615,z2,2
ILLTC<i>SLN{n{n{h{h{n}}{h{h}{h}}}}}DSATEVTGHR,R,0,1,0,80.05430050,z1,2
ILLTC<i>SLN{n{n{h{h{n}}{h{h}{h}}}}}DSATEVTGHR,LLTC<i>SLNDSATEVTGHR,0,1,1,929.44844700,z17,2
ILLTC<i>SLN{n{n{h{h{n}}{h{h}{h}}}}}DSATEVTGHR,LTC<i>SLNDSATEVTGHR,0,1,1,872.90641500,z16,2
ILLTC<i>SLN{n{n{h{h{n}}{h{h}{h}}}}}DSATEVTGHR,TC<i>SLNDSATEVTGHR,0,1,1,816.36438300,z15,2
ILLTC<i>SLN{n{n{h{h{n}}{h{h}{h}}}}}DSATEVTGHR,C<i>SLNDSATEVTGHR,0,1,1,765.84054400,z14,2
ILLTC<i>SLN{n{n{h{h{n}}{h{h}{h}}}}}DSATEVTGHR,SLNDSATEVTGHR,0,1,1,685.82522115,z13,2
ILLTC<i>SLN{n{n{h{h{n}}{h{h}{h}}}}}DSATEVTGHR,LNDSATEVTGHR,0,1,1,642.30920705,z12,2
ILLTC<i>SLN{n{n{h{h{n}}{h{h}{h}}}}}DSATEVTGHR,NDSATEVTGHR,0,1,1,585.76717505,z11,2
ILLTC<i>SLN{n{n{h{h{n}}{h{h}{h}}}}}DSATEVTGHR,LLTC<i>SLN{n}DSATEVTGHR,0,1,1,1030.98813250,z17,2
ILLTC<i>SLN{n{n{h{h{n}}{h{h}{h}}}}}DSATEVTGHR,LTC<i>SLN{n}DSATEVTGHR,0,1,1,974.44610050,z16,2
ILLTC<i>SLN{n{n{h{h{n}}{h{h}{h}}}}}DSATEVTGHR,TC<i>SLN{n}DSATEVTGHR,0,1,1,917.90406850,z15,2
ILLTC<i>SLN{n{n{h{h{n}}{h{h}{h}}}}}DSATEVTGHR,C<i>SLN{n}DSATEVTGHR,0,1,1,867.38022950,z14,2
ILLTC<i>SLN{n{n{h{h{n}}{h{h}{h}}}}}DSATEVTGHR,SLN{n}DSATEVTGHR,0,1,1,787.36490665,z13,2
ILLTC<i>SLN{n{n{h{h{n}}{h{h}{h}}}}}DSATEVTGHR,LN{n}DSATEVTGHR,0,1,1,743.84889255,z12,2
ILLTC<i>SLN{n{n{h{h{n}}{h{h}{h}}}}}DSATEVTGHR,N{n}DSATEVTGHR,0,1,1,687.30686055,z11,2
ILLTC<i>SLN{n{n{h{h{n}}{h{h}{h}}}}}DSATEVTGHR,LLTC<i>SLN{n{n}}DSATEVTGHR,0,1,1,1132.52781870,z17,2
ILLTC<i>SLN{n{n{h{h{n}}{h{h}{h}}}}}DSATEVTGHR,LTC<i>SLN{n{n}}DSATEVTGHR,0,1,1,1075.98578670,z16,2
ILLTC<i>SLN{n{n{h{h{n}}{h{h}{h}}}}}DSATEVTGHR,TC<i>SLN{n{n}}DSATEVTGHR,0,1,1,1019.44375470,z15,2
ILLTC<i>SLN{n{n{h{h{n}}{h{h}{h}}}}}DSATEVTGHR,C<i>SLN{n{n}}DSATEVTGHR,0,1,1,968.91991570,z14,2
ILLTC<i>SLN{n{n{h{h{n}}{h{h}{h}}}}}DSATEVTGHR,SLN{n{n}}DSATEVTGHR,0,1,1,888.90459285,z13,2
ILLTC<i>SLN{n{n{h{h{n}}{h{h}{h}}}}}DSATEVTGHR,LN{n{n}}DSATEVTGHR,0,1,1,845.38857875,z12,2
ILLTC<i>SLN{n{n{h{h{n}}{h{h}{h}}}}}DSATEVTGHR,N{n{n}}DSATEVTGHR,0,1,1,788.84654675,z11,2
ILLTC<i>SLN{n{n{h{h{n}}{h{h}{h}}}}}DSATEVTGHR,LLTC<i>SLN{n{n{h{h{h}{h}}}}}DSATEVTGHR,0,1,1,1456.63346570,z17,2
ILLTC<i>SLN{n{n{h{h{n}}{h{h}{h}}}}}DSATEVTGHR,LTC<i>SLN{n{n{h{h{h}{h}}}}}DSATEVTGHR,0,1,1,1400.09143370,z16,2
ILLTC<i>SLN{n{n{h{h{n}}{h{h}{h}}}}}DSATEVTGHR,TC<i>SLN{n{n{h{h{h}{h}}}}}DSATEVTGHR,0,1,1,1343.54940170,z15,2
ILLTC<i>SLN{n{n{h{h{n}}{h{h}{h}}}}}DSATEVTGHR,C<i>SLN{n{n{h{h{h}{h}}}}}DSATEVTGHR,0,1,1,1293.02556270,z14,2
ILLTC<i>SLN{n{n{h{h{n}}{h{h}{h}}}}}DSATEVTGHR,SLN{n{n{h{h{h}{h}}}}}DSATEVTGHR,0,1,1,1213.01023985,z13,2
ILLTC<i>SLN{n{n{h{h{n}}{h{h}{h}}}}}DSATEVTGHR,LN{n{n{h{h{h}{h}}}}}DSATEVTGHR,0,1,1,1169.49422575,z12,2
ILLTC<i>SLN{n{n{h{h{n}}{h{h}{h}}}}}DSATEVTGHR,N{n{n{h{h{h}{h}}}}}DSATEVTGHR,0,1,1,1112.95219375,z11,2
ILLTC<i>SLN{n{n{h{h{n}}{h{h}{h}}}}}DSATEVTGHR,LLTC<i>SLN{n{n{h{h}{h{h}{h}}}}}DSATEVTGHR,0,1,1,1537.65987745,z17,2
ILLTC<i>SLN{n{n{h{h{n}}{h{h}{h}}}}}DSATEVTGHR,LTC<i>SLN{n{n{h{h}{h{h}{h}}}}}DSATEVTGHR,0,1,1,1481.11784545,z16,2
ILLTC<i>SLN{n{n{h{h{n}}{h{h}{h}}}}}DSATEVTGHR,TC<i>SLN{n{n{h{h}{h{h}{h}}}}}DSATEVTGHR,0,1,1,1424.57581345,z15,2
ILLTC<i>SLN{n{n{h{h{n}}{h{h}{h}}}}}DSATEVTGHR,C<i>SLN{n{n{h{h}{h{h}{h}}}}}DSATEVTGHR,0,1,1,1374.05197445,z14,2
ILLTC<i>SLN{n{n{h{h{n}}{h{h}{h}}}}}DSATEVTGHR,SLN{n{n{h{h}{h{h}{h}}}}}DSATEVTGHR,0,1,1,1294.03665160,z13,2
ILLTC<i>SLN{n{n{h{h{n}}{h{h}{h}}}}}DSATEVTGHR,LN{n{n{h{h}{h{h}{h}}}}}DSATEVTGHR,0,1,1,1250.52063750,z12,2
ILLTC<i>SLN{n{n{h{h{n}}{h{h}{h}}}}}DSATEVTGHR,N{n{n{h{h}{h{h}{h}}}}}DSATEVTGHR,0,1,1,1193.97860550,z11,2
ILLTC<i>SLN{n{n{h{h{n}}{h{h}{h}}}}}DSATEVTGHR,LLTC<i>SLN{n{n{h{h{n}}}}}DSATEVTGHR,0,1,1,1396.12032840,z17,2
ILLTC<i>SLN{n{n{h{h{n}}{h{h}{h}}}}}DSATEVTGHR,LTC<i>SLN{n{n{h{h{n}}}}}DSATEVTGHR,0,1,1,1339.57829640,z16,2
ILLTC<i>SLN{n{n{h{h{n}}{h{h}{h}}}}}DSATEVTGHR,TC<i>SLN{n{n{h{h{n}}}}}DSATEVTGHR,0,1,1,1283.03626440,z15,2
ILLTC<i>SLN{n{n{h{h{n}}{h{h}{h}}}}}DSATEVTGHR,C<i>SLN{n{n{h{h{n}}}}}DSATEVTGHR,0,1,1,1232.51242540,z14,2
ILLTC<i>SLN{n{n{h{h{n}}{h{h}{h}}}}}DSATEVTGHR,SLN{n{n{h{h{n}}}}}DSATEVTGHR,0,1,1,1152.49710255,z13,2
ILLTC<i>SLN{n{n{h{h{n}}{h{h}{h}}}}}DSATEVTGHR,LN{n{n{h{h{n}}}}}DSATEVTGHR,0,1,1,1108.98108845,z12,2
ILLTC<i>SLN{n{n{h{h{n}}{h{h}{h}}}}}DSATEVTGHR,N{n{n{h{h{n}}}}}DSATEVTGHR,0,1,1,1052.43905645,z11,2
ILLTC<i>SLN{n{n{h{h{n}}{h{h}{h}}}}}DSATEVTGHR,LLTC<i>SLN{n{n{h{h{n}}{h{h}}}}}DSATEVTGHR,0,1,1,1558.17315190,z17,2
ILLTC<i>SLN{n{n{h{h{n}}{h{h}{h}}}}}DSATEVTGHR,LTC<i>SLN{n{n{h{h{n}}{h{h}}}}}DSATEVTGHR,0,1,1,1501.63111990,z16,2
ILLTC<i>SLN{n{n{h{h{n}}{h{h}{h}}}}}DSATEVTGHR,TC<i>SLN{n{n{h{h{n}}{h{h}}}}}DSATEVTGHR,0,1,1,1445.08908790,z15,2
ILLTC<i>SLN{n{n{h{h{n}}{h{h}{h}}}}}DSATEVTGHR,C<i>SLN{n{n{h{h{n}}{h{h}}}}}DSATEVTGHR,0,1,1,1394.56524890,z14,2
ILLTC<i>SLN{n{n{h{h{n}}{h{h}{h}}}}}DSATEVTGHR,SLN{n{n{h{h{n}}{h{h}}}}}DSATEVTGHR,0,1,1,1314.54992605,z13,2
ILLTC<i>SLN{n{n{h{h{n}}{h{h}{h}}}}}DSATEVTGHR,LN{n{n{h{h{n}}{h{h}}}}}DSATEVTGHR,0,1,1,1271.03391195,z12,2
ILLTC<i>SLN{n{n{h{h{n}}{h{h}{h}}}}}DSATEVTGHR,N{n{n{h{h{n}}{h{h}}}}}DSATEVTGHR,0,1,1,1214.49187995,z11,2
